Price,Close,High,Low,Open,Volume
Ticker,BTF,BTF,BTF,BTF,BTF
Date,,,,,
2021-10-22,13.406841278076172,14.068907955747628,13.202704771550223,14.068907955747628,3192300
2021-10-25,13.765460968017578,14.008217831213374,13.745598315785452,13.881322054680217,1267200
2021-10-26,13.594428062438965,13.782013603431961,13.561325041183162,13.702013670764874,1276800
2021-10-27,12.932361602783203,13.020637022406897,12.750293418268585,12.926844257515972,509200
2021-10-28,13.456496238708496,13.555806344906872,12.711672546872622,13.506151291807685,426900
2021-10-29,13.721324920654297,13.820633984524019,13.378152969520709,13.406842535258916,272400
2021-11-01,13.423393249511719,13.594426737038722,13.125463982604224,13.555806373951267,293000
2021-11-02,13.930978775024414,14.063391912349477,13.78753094650741,13.848220695737007,460600
2021-11-03,13.721324920654297,13.842703366934673,13.30201612578653,13.655117825748407,319300
2021-11-04,13.368221282958984,13.655116921339305,13.246842844717776,13.655116921339305,391100
2021-11-05,13.357187271118164,13.517187134149088,13.257878208780344,13.462014731299595,277100
2021-11-08,14.466147422790527,14.565457530304295,14.262562333782896,14.333734296880833,453700
2021-11-09,14.714421272277832,14.89648943438281,14.460628682852965,14.819248714800661,468700
2021-11-10,14.377874374389648,15.045458511374367,14.228910240901921,14.91856270967787,765900
2021-11-11,14.157182693481445,14.311665191482724,14.085459315464446,14.118562332062606,400400
2021-11-12,13.980632781982422,14.024770491105787,13.566841364328623,13.88684001855452,867200
2021-11-15,13.90339183807373,14.212355797136754,13.83718474925438,14.195803761850422,729300
2021-11-16,12.982016563415527,13.357186567923783,12.88270645397987,13.24132547513285,637000
2021-11-17,13.158567428588867,13.202705138170874,12.915809499724821,13.119947064245359,428700
2021-11-18,12.617879867553711,12.893740807748951,12.314432201943362,12.84408575432773,689100
2021-11-19,12.579258918762207,12.695121065153113,12.546155899361668,12.579258918762207,337700
2021-11-22,12.1378812789917,12.717188828195008,12.110295606106197,12.695120500351798,313400
2021-11-23,12.590291023254395,12.590291023254395,12.319947473639669,12.397188187150793,209800
2021-11-24,12.468914985656738,12.474432330862934,12.137881639566984,12.193054039302943,250000
2021-11-26,11.746160507202148,11.867538954126095,11.668918720681383,11.867538954126095,224300
2021-11-29,12.606846809387207,12.772362974000597,12.319951141886296,12.408226569990253,333700
2021-11-30,12.441329956054688,12.866156123924648,12.23719341722054,12.684087916598399,421500
2021-12-01,12.297880172729492,12.83304997233922,12.253741415820597,12.717187840105142,509200
2021-12-02,12.32546615600586,12.435810946424315,12.121328609429488,12.242708089354972,314500
2021-12-03,11.530988693237305,12.275813545807717,11.133749262951941,12.264778854107147,853100
2021-12-06,10.54892349243164,10.686853971372647,10.329337774282967,10.44961337922195,713700
2021-12-07,10.91305923461914,11.249608867977155,10.857886835803178,11.028920325039282,211000
2021-12-08,10.962714195251465,11.073057939620634,10.786162310074047,10.88547241663448,398000
2021-12-09,10.27802848815918,10.609613301749969,10.21237385952124,10.609613301749969,523900
2021-12-10,10.46616268157959,10.742023595138285,10.212371146222008,10.708920580162486,492700
2021-12-13,10.063407897949219,10.355820900297626,9.859271372725257,10.344786209116311,852800
2021-12-14,10.317198753356934,10.339267079585817,10.019268456822841,10.118578555667538,1104800
2021-12-15,10.631680488586426,10.69236917756956,10.041338267101276,10.295129817437498,786300
2021-12-16,10.333749771118164,10.548922003476802,10.26202639521588,10.521335280186776,438700
2021-12-17,9.953064918518066,10.21237386752426,9.798582386922757,10.052373989908459,179700
2021-12-20,10.146164894104004,10.18478525679,9.811270576340599,9.848235630293487,445200
2021-12-21,10.48271656036377,10.556095256379193,10.422026811954167,10.515819581166253,385300
2021-12-22,10.582024574279785,10.626162277362592,10.466162445983764,10.521334837918735,524300
2021-12-23,11.001336097717285,11.084094180655265,10.460647781048499,10.488234510245238,835600
2021-12-27,11.039955139160156,11.244091649046304,10.990300084901147,11.062023467538607,384300
2021-12-28,10.30064868927002,10.609612681839877,10.206855917127696,10.582027005696995,370200
2021-12-29,10.195821762084961,10.344786946675361,10.124098368944848,10.206856454053023,272000
2021-12-30,10.168234825134277,10.322716284249717,10.140648098630795,10.17926951573567,477300
2021-12-31,9.870305061340332,10.377889282652934,9.831684694337104,10.355820952505121,465800
2022-01-03,9.875822067260742,10.179269751882584,9.837201701585936,10.140648333881737,423300
2022-01-04,9.964097023010254,10.239957967574526,9.787546186861277,10.118579530803602,903600
2022-01-05,9.417892456054688,10.074441797165715,9.373754747125222,9.97513168899292,1357600
2022-01-06,9.302030563354492,9.368236594881955,9.147548069247248,9.208237808419005,1317500
2022-01-07,9.00409984588623,9.06478958223641,8.711687431474292,8.998582501461136,1571100
2022-01-10,8.96548080444336,9.053756223562567,8.491000163596114,8.55168938269982,1386500
2022-01-11,9.219271659851074,9.279961400434173,8.86617001062414,8.899273027157685,1179400
2022-01-12,9.423410415649414,9.473065472973486,9.324100301001272,9.439962452199458,420800
2022-01-13,9.186168670654297,9.555822355411001,9.097893258084868,9.517201993952616,381600
2022-01-14,9.274444580078125,9.335134324093124,9.053756036831734,9.092376400359106,951100
2022-01-18,8.96548080444336,8.987550185386162,8.860653349617047,8.910308404412353,432700
2022-01-19,8.937893867492676,9.16409972855911,8.920790415376853,9.086857958501065,724100
2022-01-20,9.17513370513916,9.362719214290673,9.125479707846955,9.125479707846955,1053100
2022-01-21,8.226173400878906,8.386172729977847,8.071691417029617,8.292379965385743,2060300
2022-01-24,7.99445104598999,8.077209655396619,7.1392819057665475,7.2165231693134535,2417800
2022-01-25,7.933760643005371,8.077208457098472,7.735140956989295,7.8730714260412045,2022400
2022-01-26,7.955829620361328,8.354172888508367,7.889623057329445,8.264793581176782,813700
2022-01-27,7.641347408294678,7.99444903592664,7.624795374877232,7.944793988000163,391600
2022-01-28,8.115829467773438,8.143415669018031,7.867554708898149,7.966864296750449,568400
2022-01-31,8.270310401916504,8.33100014213655,8.001070185526418,8.027553019525199,228800
2022-02-01,8.28134536743164,8.43582734319213,8.209621461430668,8.380654945910468,353700
2022-02-02,8.071691513061523,8.242725008531618,7.958588564913005,8.242725008531618,387900
2022-02-03,7.790313243865967,7.972381430619372,7.779279079358826,7.828933608885473,880300
2022-02-04,8.733757019042969,8.794446234344765,8.066173546071335,8.110311252865909,2047500
2022-02-07,9.500649452209473,9.583408567859776,9.197202869244599,9.241340573172687,1056800
2022-02-08,9.528236389160156,9.539271078471819,9.202720420747383,9.390305929742063,645800
2022-02-09,9.644098281860352,9.64961562698067,9.406857703316572,9.478582137554728,896800
2022-02-10,9.495132446289062,9.853752487360339,9.362719329782738,9.362719329782738,2444200
2022-02-11,9.119963645935059,9.462030644388104,9.042721862150465,9.390307258366027,2498400
2022-02-14,9.070307731628418,9.219271835022736,8.993065955147946,9.18065147294547,1415800
2022-02-15,9.495132446289062,9.583408909619186,9.434443758927355,9.522719169931571,724500
2022-02-16,9.495132446289062,9.544787496519673,9.313064279552128,9.384788708696744,815200
2022-02-17,8.78892993927002,9.0868592148028,8.772377903613643,9.06479088625363,411100
2022-02-18,8.590310096740723,8.76686146832966,8.491000509270158,8.684102864913996,531000
2022-02-22,8.143415451049805,8.231690871739286,8.033071175187953,8.071691540198849,450000
2022-02-23,8.088242530822754,8.380654974626362,8.027553314535357,8.369620810830007,230800
2022-02-24,8.237208366394043,8.518586143401718,7.564107482190521,7.586176337762947,410400
2022-02-25,8.39168930053711,8.50203356452859,8.275827691805317,8.42479284281603,637700
2022-02-28,9.015134811401367,9.026169500590196,8.386171734037456,8.386171734037456,880100
2022-03-01,9.489619255065918,9.588928335655144,9.30203368229807,9.561342655323623,1025700
2022-03-02,9.434444427490234,9.754443078138396,9.35168635534995,9.428927082370752,1026800
2022-03-03,9.037202835083008,9.445477902802446,8.982031495636564,9.428925869573005,962800
2022-03-04,8.479965209960938,8.91582547295797,8.391689793581232,8.882722454897072,712500
2022-03-07,8.055140495300293,8.479966113429963,7.983416580309457,8.408242198439128,598100
2022-03-08,8.25927734375,8.457897046830494,8.187553430541287,8.319966565928283,550300
2022-03-09,9.00409984588623,9.164099677236395,8.976514176086612,9.070306926661504,389400
2022-03-10,8.502034187316895,8.518585696587305,8.34203486126829,8.402724079368454,198900
2022-03-11,8.220656394958496,8.507552045826838,8.209622230166728,8.457896988856316,252800
2022-03-14,8.329346656799316,8.409346068924815,8.242726008561746,8.325484619842657,163800
2022-03-15,8.535138130187988,8.557206985632385,8.264793993290356,8.331001085786564,165800
2022-03-16,8.794447898864746,8.849620832044964,8.468932381185379,8.673069445287926,528100
2022-03-17,8.7778959274292,8.844103022847008,8.739275560238012,8.805482129492779,195900
2022-03-18,9.03168773651123,9.042721374463076,8.673068194926627,8.673068194926627,208900
2022-03-21,8.838584899902344,8.926860317812086,8.740930100453017,8.882722608857215,158200
2022-03-22,9.092375755310059,9.290995956303899,9.086858410579573,9.21375523472892,147600
2022-03-23,9.059271812438965,9.188926769526175,9.009616767270494,9.070306500771025,125300
2022-03-24,9.439962387084961,9.517203119133592,9.180652411219896,9.20272179313439,137300
2022-03-25,9.550305366516113,9.710305215464958,9.462029950656737,9.644098127407444,104800
2022-03-28,10.317198753356934,10.36133645814059,10.17375094972858,10.179268294367274,209700
2022-03-29,10.245475769042969,10.33375119104894,10.142303619646059,10.27306249612361,128500
2022-03-30,10.096511840820312,10.25651172057664,10.057891470486348,10.135133263480444,77100
2022-03-31,9.76547908782959,10.14064913571132,9.764926616614808,10.14064913571132,141200
2022-04-01,9.947545051574707,10.028647807637824,9.721339183690766,9.732372820609434,110600
2022-04-04,9.848236083984375,9.94202884868236,9.682718883285927,9.87582175793778,70500
2022-04-05,9.859271049499512,9.980649491536493,9.737891555136493,9.953063816813644,101000
2022-04-06,9.362719535827637,9.627546826994234,9.274444122880746,9.605477447594547,140300
2022-04-07,9.279961585998535,9.368237000070444,9.213755551607575,9.279961585998535,62200
2022-04-08,9.1420316696167,9.417892618258486,9.075825631245234,9.175134688802432,78300
2022-04-11,8.546172142028809,8.810998928789662,8.50699983223685,8.750309182780398,109500
2022-04-12,8.3861722946167,8.662033228822269,8.3861722946167,8.662033228822269,80000
2022-04-13,8.78892993927002,8.871688012899902,8.507551647067617,8.513068992286408,117700
2022-04-14,8.513068199157715,8.827549481047901,8.48548200179685,8.810997973096564,92600
2022-04-18,8.695137977600098,8.783413404594933,8.358587254478476,8.424794350887652,116500
2022-04-19,8.866170883178711,8.915825939028737,8.755826606935884,8.783412807537344,81100
2022-04-20,8.82203197479248,9.004100137411992,8.74203258269018,9.004100137411992,143700
2022-04-21,8.816515922546387,9.191686991986836,8.805481757884444,9.17513495574939,199600
2022-04-22,8.434724807739258,8.678585585927195,8.380655768907465,8.65651673007992,107400
2022-04-25,8.59858512878418,8.628929999172726,8.264793132999054,8.292379330973828,134600
2022-04-26,8.165483474731445,8.590309025080364,8.110311079337215,8.590309025080364,246500
2022-04-27,8.297897338867188,8.420931086607647,8.209621919224398,8.319966193777883,77800
2022-04-28,8.535138130187988,8.612378861161869,8.308932230342167,8.41927650756415,178800
2022-04-29,8.165483474731445,8.413758201679562,8.1268625874903,8.336516953360233,121400
2022-05-02,8.21513843536377,8.342034206752322,8.110310990495622,8.264792959279104,240800
2022-05-03,8.0220365524292,8.198587395302717,7.9889330063089075,8.165484375345441,127500
2022-05-04,8.507552146911621,8.540655167843276,8.242725348643232,8.331001298841382,253300
2022-05-05,7.729623794555664,8.40272412059321,7.575693231712976,8.40272412059321,384500
2022-05-06,7.663417339324951,7.740658068166438,7.525486865064579,7.663417339324951,114000
2022-05-09,6.582042217254639,7.117212063682669,6.477214765077156,6.9792815932534475,442200
2022-05-10,6.675835132598877,6.89100633466713,6.571007678013267,6.846868625208873,197900
2022-05-11,6.234457492828369,6.797213549785352,6.20687129296039,6.355836456549679,1101400
2022-05-12,6.091009616851807,6.355836396452143,5.908941436072885,6.074458107552721,1154000
2022-05-13,6.405491352081299,6.60962840094475,6.284112907565537,6.510318812355766,190200
2022-05-16,6.284111976623535,6.377904731958435,6.195836039830785,6.355835879300985,73800
2022-05-17,6.405491352081299,6.54287041430999,6.284112907565537,6.510318812355766,262900
2022-05-18,6.223422527313232,6.295146433334265,6.124112948806627,6.284112269572632,152800
2022-05-19,6.383422374725342,6.504801343095192,6.256526587101013,6.317215808204429,236800
2022-05-20,6.2399749755859375,6.471697691561165,6.1130786638611845,6.46066352706854,203100
2022-05-23,6.190318584442139,6.5047998339983915,6.18480124030465,6.477213639473849,71700
2022-05-24,6.262043476104736,6.311698002754049,6.096526808784751,6.228939932175547,682200
2022-05-25,6.300663948059082,6.394456710293472,6.278595093778225,6.278595093778225,112100
2022-05-26,6.256525039672852,6.328248933871771,6.002733001031634,6.002733001031634,98900
2022-05-27,6.135148048400879,6.2454923336635995,6.002734906085614,6.195837273754611,163900
2022-05-31,6.742042064666748,6.902041401724066,6.659283460294531,6.802731286942617,268200
2022-06-01,6.3999738693237305,6.791696416041764,6.366870325783443,6.78617907109122,213400
2022-06-02,6.455146312713623,6.477215168309653,6.324388488001974,6.355836725612996,238000
2022-06-03,6.2896294593811035,6.3227330049446495,6.217906075292267,6.2896294593811035,110100
2022-06-06,6.703420639038086,6.758593037565037,6.616800531083541,6.703420639038086,110100
2022-06-07,6.626180171966553,6.675835227352623,6.256526455384704,6.295146820168089,132700
2022-06-08,6.411008358001709,6.554456177008603,6.366870648486203,6.455146067517215,122600
2022-06-09,6.383422374725342,6.471697796753226,6.372388210053366,6.41100857564981,66600
2022-06-10,6.16273307800293,6.306180884616557,6.135146880398315,6.262043178914357,87700
2022-06-13,4.921359062194824,5.14204759702568,4.794462760044854,4.97101411407251,501200
2022-06-14,4.713359355926514,4.82756564394783,4.678049089944055,4.783427943010482,139700
2022-06-15,4.590326309204102,4.7503256485538685,4.303431177960364,4.546188596705066,659600
2022-06-16,4.430326461791992,4.551705420326328,4.408257608073293,4.507567712888928,446400
2022-06-17,4.354189395904541,4.438602780257244,4.3254998315083135,4.380671969546633,138800
2022-06-21,4.441361427307129,4.606878103548719,4.435844081994373,4.496533301945653,448500
2022-06-22,4.275844573974609,4.435843898276818,4.220672438539623,4.375154417757585,697300
2022-06-23,4.441361427307129,4.45239559176963,4.3017756426398766,4.380671944274345,123000
2022-06-24,4.518601417541504,4.546187613427649,4.427015920688044,4.5075672548848,303500
2022-06-27,4.430326461791992,4.513085057859348,4.342051046917194,4.5020503679185095,371300
2022-06-28,4.286879539489746,4.485499515083679,4.281362456794054,4.4579133123606365,266200
2022-06-29,4.288534164428711,4.29791354609673,4.215155209132357,4.264810263927281,285800
2022-06-30,3.9944660663604736,4.0772243964485835,3.9696388041073716,4.0772243964485835,356600
2022-07-01,4.10481071472168,4.159982848706886,4.0661900893912915,4.082741861127597,314400
2022-07-05,4.3420515060424805,4.350327524373209,4.0937767439139785,4.1048111719401,237500
2022-07-06,4.308948040008545,4.342051322689046,4.2537759022077095,4.281362102648879,208300
2022-07-07,4.6377739906311035,4.645498062929562,4.3254994290029805,4.331016510752672,287000
2022-07-08,4.6289472579956055,4.695153827541288,4.502050938410765,4.54618865144122,198100
2022-07-11,4.347568988800049,4.397223784943882,4.303431275302631,4.358603417174403,190600
2022-07-12,4.10481071472168,4.24274118122544,4.082741861127597,4.215154982692093,194800
2022-07-13,4.171017646789551,4.242741558895609,4.011018312449272,4.03860451343822,804100
2022-07-14,4.386188983917236,4.430326693664697,4.16550043517993,4.176534862616796,251800
2022-07-15,4.496532917022705,4.5075676067035975,4.3861886510286014,4.446878391947582,331400
2022-07-18,4.590326309204102,4.83308425411184,4.5467405417305935,4.7227399728642485,574300
2022-07-19,4.976532459259033,5.031704340974721,4.68963678015038,4.739291842008653,642400
2022-07-20,5.0372209548950195,5.153082573670854,4.99308324547213,5.075841319099298,527600
2022-07-21,4.932394504547119,4.943429197230821,4.7552922119764105,4.822050208525626,669200
2022-07-22,4.805497169494629,5.048254543645068,4.788945661888743,5.009634183843687,206500
2022-07-25,4.651015281677246,4.673084134240717,4.59032554250549,4.667566789559112,321300
2022-07-26,4.435844421386719,4.479982134939777,4.402741136221925,4.446879112856508,285700
2022-07-27,4.844117641448975,4.910324199568299,4.5213603417654245,4.535153703558795,341900
2022-07-28,5.064807891845703,5.108945607691425,4.844118786454023,4.915842706244088,195900
2022-07-29,5.081359386444092,5.164117471832242,4.987566609050547,5.020670158903653,464600
2022-08-01,4.8717041015625,4.998600406089195,4.855152592680924,4.910324464340503,390400
2022-08-02,4.8717041015625,4.976531552192767,4.811014884888069,4.84411790265122,259900
2022-08-03,4.987565994262695,5.0013588314062005,4.932393593362654,4.937910938685261,110100
2022-08-04,4.755842685699463,4.910324669426598,4.750325340454172,4.866186959790274,154700
2022-08-05,4.860671043395996,4.9599806454392725,4.819843417626839,4.882739902312625,127700
2022-08-08,5.075840950012207,5.147564854149787,5.053772096905488,5.108944492753768,313100
2022-08-09,4.877221584320068,4.94342814787916,4.844118039459024,4.932393457537814,297300
2022-08-10,5.009634494781494,5.131013452471929,4.990324313682261,5.131013452471929,126300
2022-08-11,5.142047882080078,5.285495700753788,5.108944863101837,5.2275651544603665,101900
2022-08-12,5.1310133934021,5.147564901844758,5.026185945551676,5.053772143731417,110100
2022-08-15,5.086875915527344,5.147565133321486,5.081358570410697,5.119978933901242,111900
2022-08-16,5.075840950012207,5.095151130710217,5.009634390692048,5.075840950012208,126800
2022-08-17,4.921359062194824,5.009634476127167,4.91584171728331,5.0041171312156525,220500
2022-08-18,4.9434285163879395,4.976532063716693,4.921359660223115,4.976532063716693,151100
2022-08-19,4.496532917022705,4.563843366517628,4.460671227885733,4.546187968260793,307300
2022-08-22,4.441361427307129,4.540671012121676,4.427568064025241,4.474464446857642,198600
2022-08-23,4.551705837249756,4.584809383941485,4.518602290558027,4.529636981509611,449600
2022-08-24,4.595843315124512,4.628946860133596,4.524119406073994,4.535154096464688,264000
2022-08-25,4.5682573318481445,4.601360878426352,4.524119620519217,4.562740512554296,222800
2022-08-26,4.325499534606934,4.612394632713774,4.3144651077566705,4.612394632713774,744100
2022-08-29,4.242740631103516,4.303430102158873,4.204120010780752,4.209637355004626,227900
2022-08-30,4.19308614730835,4.319982187566171,4.110327814430382,4.297913333876244,229100
2022-08-31,4.254327297210693,4.314465094360876,4.184810381961728,4.281361813912867,204300
2022-09-01,4.176534652709961,4.226189442139523,4.10481074643433,4.204120588374942,360000
2022-09-02,4.195293426513672,4.325499830090324,4.151707398015462,4.292396547278185,371300
2022-09-06,3.955846071243286,4.193086393902788,3.9448116437493908,4.182051966408893,317800
2022-09-07,4.016535758972168,4.055156125630924,3.9668807011748926,3.972397783662636,302800
2022-09-08,4.088258266448975,4.093775610475213,4.022051716622771,4.038603485620044,169700
2022-09-09,4.529635906219482,4.557222100886733,4.4468778483806295,4.4468778483806295,230600
2022-09-12,4.766877174377441,4.772393993226167,4.678601232679079,4.744808320493596,164300
2022-09-13,4.303431034088135,4.557223135554341,4.2537759776460256,4.5296369346239445,466100
2022-09-14,4.226189613342285,4.314465295058141,4.159983049366518,4.314465295058141,226600
2022-09-15,4.187568664550781,4.275844070859885,4.137913616961179,4.237223449058921,164000
2022-09-16,4.154465198516846,4.18756847437943,4.093775727894715,4.182051130194941,214800
2022-09-19,4.132397174835205,4.137914520474968,3.9723978344233615,3.9723978344233615,100700
2022-09-20,4.022052764892578,4.0882593319742355,3.9668806256578644,3.9944665637344654,79400
2022-09-21,4.032535552978516,4.215155427833644,3.961363321618488,4.088259374726066,431700
2022-09-22,4.088258266448975,4.13239596633311,3.9834310976834315,4.044120566564839,344900
2022-09-23,3.977914810180664,4.027569863995324,3.9282597563660038,4.027569863995324,87900
2022-09-26,4.068948745727539,4.082741844939522,4.027569711173074,4.044121219762266,63500
2022-09-27,4.042466163635254,4.318878776706419,3.9944661574557165,4.264810006831302,402800
2022-09-28,4.151155471801758,4.165500253150978,4.044121293568119,4.052397048013749,27400
2022-09-29,4.12301778793335,4.132948851591377,3.9999837768169852,4.088259196671003,611900
2022-09-30,4.132397174835205,4.289638105508688,4.077225033845177,4.082742379484939,135200
2022-10-03,4.148948669433594,4.1820519517996395,4.046880149701244,4.077224759433077,294300
2022-10-04,4.314465522766113,4.31998260518119,4.234465854636147,4.253776037711186,171100
2022-10-05,4.286879539489746,4.327706898531366,4.2041211944021475,4.237224479820882,294800
2022-10-06,4.2537760734558105,4.325499987025103,4.2261898719040785,4.275844929464591,165700
2022-10-07,4.121362209320068,4.171017261278143,4.0992933558012545,4.159982834518736,336800
2022-10-10,4.060673236846924,4.115845373947798,4.04412146417591,4.11032802869696,75800
2022-10-11,4.020397186279297,4.068948609755027,3.9944660343481986,4.044121084619417,118400
2022-10-12,4.060673236846924,4.06619031901626,4.035845709381154,4.04412146417591,210800
2022-10-13,4.115845680236816,4.14894896496079,3.856536221943412,3.8620535676048346,550100
2022-10-14,4.066190242767334,4.198603632407929,4.0606731607014535,4.193086287260551,520100
2022-10-17,4.148948669433594,4.1820519517996395,4.132396896709819,4.159983096888942,114600
2022-10-18,4.0772247314453125,4.187569268322849,4.052397204070829,4.187569268322849,84800
2022-10-19,4.082741737365723,4.102051917904816,4.0523968672826,4.066189966131158,65500
2022-10-20,4.046879768371582,4.110327654490889,4.029776315348891,4.0689486212027735,66100
2022-10-21,4.079983711242676,4.0882594666300855,4.011018469157383,4.027570243013722,348100
2022-10-24,4.113086700439453,4.126879800482086,4.070604036494223,4.110328027814626,78200
2022-10-25,4.314465522766113,4.342051461004525,4.121362639689666,4.126879985186256,282700
2022-10-26,4.422051429748535,4.474464633921925,4.336534415396146,4.358603271406793,133100
2022-10-27,4.397223949432373,4.419293070088154,4.3530862342838805,4.413775724153825,78100
2022-10-28,4.386188983917236,4.411016511420558,4.3216377281064,4.325499764555228,150100
2022-10-31,4.325499534606934,4.4027405225587755,4.306189090307858,4.3972231775929,203900
2022-11-01,4.347568988800049,4.364120499820818,4.319982786323401,4.358603417174403,47600
2022-11-02,4.297914028167725,4.427568498770249,4.270327825058256,4.336534659904675,559100
2022-11-03,4.308948040008545,4.319982467568711,4.275844757328044,4.281362102648879,55500
2022-11-04,4.502049922943115,4.529636118905659,4.397222746599498,4.44136071275586,74000
2022-11-07,4.424809455871582,4.438602291551392,4.386188568874796,4.408257421660265,221400
2022-11-08,3.8289501667022705,4.386189170603603,3.5806751441833886,4.159983266979267,1877300
2022-11-09,3.310331344604492,3.746191617264231,3.304813999417699,3.6799850535117007,1777100
2022-11-10,3.7627434730529785,3.8041225105440972,3.442744548334411,3.5420546592435027,2125500
2022-11-11,3.3820552825927734,3.5144684112351494,3.3599864278190443,3.3599864278190443,564800
2022-11-14,3.393089771270752,3.464813682121708,3.365503570764536,3.4372274816154924,308100
2022-11-15,3.5420546531677246,3.5861923632376085,3.4813651702808825,3.5530890806851954,347500
2022-11-16,3.459296703338623,3.464814049257092,3.404124559561598,3.4427449286647485,358500
2022-11-17,3.508951425552368,3.5310202809328257,3.442744596329487,3.442744596329487,244600
2022-11-18,3.5117099285125732,3.5310203747949176,3.481365317328196,3.5310203747949176,147800
2022-11-21,3.32136607170105,3.44826212855514,3.29377986944,3.4261932719789088,423400
2022-11-22,3.4096412658691406,3.442744548479734,3.382055328567732,3.3986068383322765,101400
2022-11-23,3.5365371704101562,3.5420545154951957,3.448261753701477,3.4592961807900617,101100
2022-11-25,3.5475716590881348,3.5475716590881348,3.5089512951483464,3.514468377247674,42300
2022-11-28,3.4703307151794434,3.489640897411155,3.406882823228678,3.453779205575549,75500
2022-11-29,3.5420546531677246,3.5420546531677246,3.4923995977983533,3.508951370615312,115600
2022-11-30,3.7130885124206543,3.7241229402388427,3.602744234238775,3.619295744425301,305700
2022-12-01,3.6523985862731934,3.7186051451773743,3.646881504571918,3.674467439241254,71900
2022-12-02,3.6910195350646973,3.6965366172510974,3.657916252701787,3.657916252701787,51000
2022-12-05,3.660675048828125,3.7406747163409766,3.65239903064708,3.729640288514428,103400
2022-12-06,3.6799848079681396,3.696536316261139,3.6606746272658137,3.685501889705313,52300
2022-12-07,3.635847330093384,3.663433266674738,3.6303299849282142,3.657916184591066,74200
2022-12-08,3.7351572513580322,3.759984778943637,3.6468818315705525,3.6468818315705525,53000
2022-12-09,3.7075705528259277,3.7406740938785275,3.7075705528259277,3.71308789736185,84600
2022-12-12,3.7241227626800537,3.724122762680054,3.688260808210392,3.7020539080958774,41200
2022-12-13,3.862605094909668,3.9061911241800975,3.8344672119422993,3.9061911241800975,102300
2022-12-14,3.8730874061584473,3.9999834431541843,3.848259880625143,3.911708030663752,191800
2022-12-15,3.7859158515930176,3.817915771722343,3.7627436317139455,3.8123984261807458,57800
2022-12-16,3.6468825340270996,3.707571765280101,3.63529642241052,3.6965373356812323,48700
2022-12-19,3.5806751251220703,3.6358475274424604,3.574606360808777,3.6248130995946846,147600
2022-12-20,3.663433313369751,3.6937781860019707,3.632537021911783,3.63584737643678,53400
2022-12-21,3.641364812850952,3.668951015549224,3.630330384387949,3.6579165870862203,86400
2022-12-22,3.641364812850952,3.6523992413139554,3.5883996614611466,3.630330384387949,55100
2022-12-23,3.6523985862731934,3.6689503575399782,3.6413641597891635,3.6413641597891635,44800
2022-12-27,3.6110198497772217,3.6579162319624974,3.5972267497671697,3.646881804570756,114700
2022-12-28,3.6027441024780273,3.641364466888493,3.5872956936323397,3.613778529892661,39700
2022-12-29,3.6027441024780273,3.6192956120592266,3.6027441024780273,3.6027441024780273,53300
2022-12-30,3.6468825340270996,3.6468825340270996,3.5420553212970693,3.5861930396925445,172600
2023-01-03,3.6540539264678955,3.685501897523902,3.6386055187917807,3.685501897523902,45900
2023-01-04,3.69157075881958,3.740674125900057,3.685501732394406,3.691019076977559,45900
2023-01-05,3.705364227294922,3.7175020182761465,3.679985018456727,3.696536527696443,43200
2023-01-06,3.7186052799224854,3.757225905556764,3.6717091629771677,3.679984917369696,59900
2023-01-09,3.790329694747925,3.8344674082052443,3.7848126121065215,3.7958470404708518,95400
2023-01-10,3.8554327487945557,3.8565361126629663,3.8013639730197255,3.8123984009483736,46500
2023-01-11,3.8730874061584473,3.8758460785691438,3.815156600941231,3.8344667816531426,36100
2023-01-12,4.215155124664307,4.2206724697894025,3.961363036702803,4.011018090502683,330000
2023-01-13,4.303431034088135,4.308948116425308,4.182052065692205,4.187569411110887,96400
2023-01-17,4.7199811935424805,4.733774031076014,4.651567372398806,4.700671010530322,243200
2023-01-18,4.584808349609375,4.761359155700695,4.50756710886297,4.74480764917036,425300
2023-01-19,4.663153171539307,4.675843170527318,4.584809080846965,4.584809080846965,40100
2023-01-20,4.926876544952393,4.937910708921168,4.651015605614194,4.655429060736509,249100
2023-01-23,5.081359386444092,5.1089455902945,4.987566609050547,5.031704324745971,83500
2023-01-24,5.070876121520996,5.084117540109644,5.020669646048975,5.048255320918469,102000
2023-01-25,5.053772926330566,5.053772926330566,4.949497407284657,4.97653219086178,34200
2023-01-26,5.086875915527344,5.10894476983094,5.042738206920151,5.103427424714293,63200
2023-01-27,5.081359386444092,5.153083305989924,5.037221670748668,5.042739016751364,196700
2023-01-30,4.976532459259033,5.108945606772376,4.96549776721805,5.086876748853486,62600
2023-01-31,5.06756591796875,5.0979102648872265,5.06756591796875,5.070324064464331,29400
2023-02-01,5.180668354034424,5.186185172643245,4.998600185869398,5.059289399870088,142700
2023-02-02,5.241358280181885,5.296530683070063,5.186185877293705,5.257909790583127,73800
2023-02-03,5.1199798583984375,5.19722112548971,5.114463038448628,5.114463038448628,98100
2023-02-06,5.042738437652588,5.062048620281406,4.982048690918573,4.998600727025857,35600
2023-02-07,5.081359386444092,5.09239355228641,4.993083955053244,5.031704324745971,31700
2023-02-08,4.993083477020264,5.055979426474954,4.971014621285403,5.0427385339644575,86500
2023-02-09,4.7999796867370605,4.998599876942146,4.783428179607612,4.982047843649772,246000
2023-02-10,4.750324726104736,4.7889456116640154,4.7128077303821545,4.76687675969997,84700
2023-02-13,4.739291667938232,4.744809013756076,4.692395280812673,4.706188119194226,22200
2023-02-14,4.8717041015625,4.877221446577352,4.722739469302358,4.722739469302358,123300
2023-02-15,5.291012287139893,5.296529631565975,4.958324205458438,4.9654963322820045,182800
2023-02-16,5.379289150238037,5.520529733124185,5.313082577682367,5.346185600878669,171100
2023-02-17,5.428944110870361,5.455426423705404,5.191703502307712,5.257910073639905,276500
2023-02-21,5.343977928161621,5.406874397742805,5.307564293385772,5.384805544126017,67100
2023-02-22,5.197220325469971,5.241358035252743,5.156392707147555,5.241358035252743,27000
2023-02-23,5.227013111114502,5.257909401889605,5.183427347508624,5.257909401889605,31900
2023-02-24,5.052116870880127,5.199426717704872,4.976531455529332,5.175151136739221,354800
2023-02-27,5.06756591796875,5.193909758288936,5.026186354252901,5.1751515208387335,42200
2023-02-28,5.063152313232422,5.136531538154664,5.053772930727894,5.103427989951347,96400
2023-03-01,5.086875915527344,5.169633987625081,5.081358570410697,5.153082478438132,153200
2023-03-02,5.100668430328369,5.119978610855263,5.045496561131953,5.064806741658846,122700
2023-03-03,4.822049140930176,4.868945522126901,4.822049140930176,4.855152685489095,169700
2023-03-06,4.838601589202881,4.899290812216447,4.838601589202881,4.860670445404453,132300
2023-03-07,4.775152683258057,4.8717041166653665,4.750325156777234,4.838601098799591,210000
2023-03-08,4.783428192138672,4.81101438820197,4.739290488902565,4.7668766849658635,118900
2023-03-09,4.3420515060424805,4.711705239539839,4.319982649990236,4.700671074595233,725300
2023-03-10,4.3227410316467285,4.386188922753572,4.253775795357638,4.319982359055605,234800
2023-03-13,5.291012287139893,5.324115301370536,4.827013933699726,4.866186237264229,912600
2023-03-14,5.462047100067139,5.6827361959885,5.2744620788541035,5.6441153016585055,1131100
2023-03-15,5.292116165161133,5.467563630892388,5.197220041693354,5.4565294671306805,789100
2023-03-16,5.433908939361572,5.473081248686165,5.351702284278821,5.362736974753581,646700
2023-03-17,5.829492568969727,5.8675615081194294,5.688252027165072,5.793078938347294,1339000
2023-03-20,6.046872138977051,6.135147560162218,5.991699737654815,6.129630214797391,551400
2023-03-21,6.129630088806152,6.206871343837028,6.04687201468686,6.1130785792148945,344400
2023-03-22,5.793079376220703,6.289628826574439,5.782044686755398,6.179284562736159,1044800
2023-03-23,6.190318584442139,6.26204247974079,5.931009197772074,5.94756070402164,1452100
2023-03-24,6.041354656219482,6.146182111115137,5.986182782314981,6.063423511013883,814700
2023-03-27,5.848251819610596,6.041354151384604,5.748941718252961,6.0358368066063,1223000
2023-03-28,5.9530792236328125,5.964113914086659,5.804114585646895,5.837217604682431,577100
2023-03-29,6.1682515144348145,6.201354536488673,6.102044944164048,6.157216822974829,320000
2023-03-30,6.074458122253418,6.20687124929254,6.0027342135664785,6.2013539041251615,678400
2023-03-31,6.173767566680908,6.223422619753253,6.12962985865282,6.135147203697077,684300
2023-04-03,6.074458122253418,6.140664685772979,6.035837232244761,6.107561140931701,324900
2023-04-04,6.096526145935059,6.118594997434071,6.035836409690582,6.1075603086031025,268900
2023-04-05,6.096526145935059,6.1627327004320955,5.997216051108041,6.1627327004320955,476100
2023-04-06,6.046872138977051,6.085492504204808,5.980665573088176,6.019285938315933,476300
2023-04-10,6.317215442657471,6.372387841313846,6.074458046127996,6.096526900357948,496900
2023-04-11,6.515835762023926,6.604111180368071,6.4882495622506315,6.526869926235446,761300
2023-04-12,6.438595294952393,6.543422235509478,6.399974926246582,6.526870724087425,520800
2023-04-13,6.57100772857666,6.6372142932735,6.532387364044254,6.554456218943201,258800
2023-04-14,6.559973239898682,6.65266211019413,6.466180479674306,6.631697146315144,762900
2023-04-17,6.350318908691406,6.377905107679052,6.30066385574624,6.3282500547338865,421200
2023-04-18,6.52686882019043,6.568247849756771,6.460662267651702,6.537903508695004,133100
2023-04-19,6.300663948059082,6.360249802001097,6.278595093778225,6.306181293170043,246700
2023-04-20,6.046872138977051,6.217906162145572,6.02480328368076,6.1903199614844535,344200
2023-04-21,5.8758368492126465,6.091008536591323,5.8537679986735185,6.063422341876688,353400
2023-04-24,5.903424263000488,5.964114009137864,5.809631497300005,5.897906917685634,206300
2023-04-25,5.942044734954834,5.980665097108938,5.859286139557934,5.897906501712037,341100
2023-04-26,5.997216701507568,6.438594305518242,5.964113683750482,6.411008106612016,488800
2023-04-27,6.3999738693237305,6.4275595417505,6.207422950318743,6.217905695259586,186100
2023-04-28,6.300663948059082,6.317215457228977,6.206871185824692,6.311698112118016,311700
2023-05-01,5.958596229553223,6.135147057457239,5.95307888464048,6.124112893794724,302300
2023-05-02,6.157215595245361,6.201353299958286,5.975147431763812,6.002733628750126,347500
2023-05-03,6.06894063949585,6.1627334005629155,6.024802931483465,6.052389130531951,334700
2023-05-04,6.201353549957275,6.217905584514103,6.146181679923414,6.190319386415689,308600
2023-05-05,6.361352920532227,6.3834217739622305,6.217905636318681,6.223422455053955,443100
2023-05-08,5.859286308288574,6.013768287516598,5.837217454113142,5.980665269334944,279500
2023-05-09,5.929354667663574,5.936527321216466,5.853768726778853,5.925492631492931,306500
2023-05-10,5.936528205871582,6.068941345308268,5.710322294459815,6.030320977846663,1238600
2023-05-11,5.743424892425537,5.8813553673681795,5.715838692204408,5.85376916714705,751800
2023-05-12,5.655149459838867,5.68825300526184,5.522736330472981,5.655149459838867,306000
2023-05-15,5.8758368492126465,5.92549189446641,5.826182330121783,5.8648026870245324,188900
2023-05-16,5.759976387023926,5.809631442059452,5.754459567924537,5.787562587172886,234500
2023-05-17,5.864803314208984,5.875837477577097,5.677217801484472,5.715838162517299,290800
2023-05-18,5.721354961395264,5.864802754634732,5.638596902460211,5.820665053047651,398600
2023-05-19,5.743424892425537,5.815148802535272,5.699287182536932,5.754459582979192,502000
2023-05-22,5.7489423751831055,5.804114776944762,5.726873519711046,5.726873519711046,172800
2023-05-23,5.815148830413818,5.853769195210748,5.793079975363716,5.831700340160644,200900
2023-05-24,5.605494022369385,5.7048041257001945,5.561356315591907,5.7048041257001945,282100
2023-05-25,5.649631977081299,5.671700831438531,5.577908068879547,5.633080467854123,195900
2023-05-26,5.721354961395264,5.759975318743233,5.644113720536417,5.644113720536417,212500
2023-05-30,5.969630718231201,5.997216918133872,5.892389989899321,5.997216918133872,130900
2023-05-31,5.759976387023926,5.820666132584237,5.721356022513185,5.804114622960063,243700
2023-06-01,5.72687292098999,5.798596825316497,5.683286633445705,5.737907084490934,144800
2023-06-02,5.831700325012207,5.831700325012208,5.721356050048321,5.771011105322822,293600
2023-06-05,5.45101261138916,5.72025286099226,5.401357554597564,5.699287369184119,827900
2023-06-06,5.804666519165039,5.820666611276625,5.423426664486357,5.4344613559186365,788900
2023-06-07,5.660666465759277,5.74342453511105,5.605494068749447,5.715838336606135,133400
2023-06-08,5.671700954437256,5.732390699858029,5.611011735179485,5.633080590015311,217100
2023-06-09,5.6385979652404785,5.7103218753789555,5.6275632746824025,5.704804530099918,128300
2023-06-12,5.506183624267578,5.53376982106743,5.467563264445551,5.5172183134526955,159900
2023-06-13,5.517219066619873,5.5723914677512765,5.478598701525698,5.566874122405534,116800
2023-06-14,5.517219066619873,5.561356777059791,5.489632866054171,5.539287921839832,203400
2023-06-15,5.423426151275635,5.428943496469677,5.29653036879066,5.3351507328229575,185700
2023-06-16,5.627562999725342,5.655149198609692,5.351702063207796,5.451012168726265,217600
2023-06-20,6.002734661102295,6.027562190043529,5.682735983818648,5.732391041701117,419800
2023-06-21,6.441061019897461,6.586054726543336,6.2235704599286485,6.240300339362164,836500
2023-06-22,6.467271327972412,6.519134113514677,6.340680648867551,6.502404234162328,261100
2023-06-23,6.636244773864746,6.7422019244185964,6.418754732324347,6.452214493253649,613200
2023-06-26,6.457790851593018,6.563747994832997,6.3964476062347435,6.507981021355821,200000
2023-06-27,6.541440963745117,6.630668230181928,6.4968275964433575,6.541440963745118,208400
2023-06-28,6.418755054473877,6.502404992828732,6.362988074348414,6.43548493577818,277800
2023-06-29,6.519134044647217,6.569324214007336,6.491251089965613,6.558171138501348,287200
2023-06-30,6.446639060974121,6.6250925607380955,6.229148459261743,6.619515755912126,1563500
2023-07-03,6.602784633636475,6.630668120697992,6.496827489169365,6.496827489169365,450700
2023-07-05,6.452214241027832,6.530845792987832,6.3964477977145435,6.407600873643885,249200
2023-07-06,6.414292812347412,6.491251215341555,6.32395082485424,6.485674411564212,415700
2023-07-07,6.385294437408447,6.452214491077797,6.368564556949438,6.407601121964897,274800
2023-07-10,6.531960964202881,6.535864620503425,6.3852941086253825,6.3852941086253825,162500
2023-07-11,6.468944549560547,6.519134188192526,6.3964476957588685,6.418754379095287,167600
2023-07-12,6.402024269104004,6.530288103201602,6.379717584717461,6.4856747344285175,392300
2023-07-13,6.708741664886475,6.7700854466162355,6.446638252919851,6.457791329340426,1895800
2023-07-14,6.362987518310547,6.636244527013054,6.318374150842108,6.591631159544616,849300
2023-07-17,6.307221412658691,6.402024424731086,6.2598196407058335,6.379717739802289,468500
2023-07-18,6.262607097625732,6.335103951817743,6.217993730712693,6.273760705270635,236100
2023-07-19,6.335104465484619,6.346258074033885,6.268184409689007,6.30722150777811,156700
2023-07-20,6.2737603187561035,6.390870532646214,6.2291469545916085,6.374140654042841,155900
2023-07-21,6.290489673614502,6.3406798370790485,6.273759796404057,6.296066476629053,224100
2023-07-24,6.128767490386963,6.162227784182672,6.067424238900376,6.156650979911166,389300
2023-07-25,6.147728443145752,6.17895769629018,6.128767521260446,6.128767521260446,94300
2023-07-26,6.181746006011963,6.201264288935398,6.145497842273202,6.1510741146560965,103900
2023-07-27,6.123190402984619,6.206840867689308,6.1031147594687996,6.206840867689308,169200
2023-07-28,6.173381328582764,6.223571507162033,6.145498368779497,6.16222825102813,93800
2023-07-31,6.128767490386963,6.201264350416562,6.117614413677277,6.195687546145056,62000
2023-08-01,6.156650543212891,6.167804150964765,5.983773345891866,6.061847004655117,167900
2023-08-02,6.117614269256592,6.19568739988127,6.061847291524694,6.178957519295027,166200
2023-08-03,6.151073455810547,6.184533745690568,6.117613697763791,6.117613697763791,84600
2023-08-04,6.080807685852051,6.162227104637464,6.067423569809713,6.134343618188137,101600
2023-08-07,6.117614269256592,6.12319054156313,6.006080845626112,6.100883856837034,158800
2023-08-08,6.296067237854004,6.3239507244648,6.167803944010919,6.195686898788444,125600
2023-08-09,6.170592308044434,6.301644546057339,6.1678044378101,6.296067741922043,117100
2023-08-10,6.170592308044434,6.240300764235702,6.151074025404208,6.212417807225846,76900
2023-08-11,6.159438610076904,6.204609868081412,6.134343525833651,6.1733800871750395,84200
2023-08-14,6.145497798919678,6.234724538416397,6.134344190565929,6.139920994742803,94100
2023-08-15,6.114266872406006,6.184533209141348,6.089729683178264,6.162226528434341,223300
2023-08-16,6.095306873321533,6.128766630589888,6.061846584219925,6.1008831449774235,95800
2023-08-17,5.822049617767334,5.968158578473335,5.78301305523136,5.967043324091347,356300
2023-08-18,5.448413848876953,5.515333911078609,5.359186567441366,5.487450418869574,365800
2023-08-21,5.465142250061035,5.481872128118223,5.403798477462624,5.4484123720038475,124600
2023-08-22,5.389857769012451,5.448413148305557,5.381492562875348,5.442836344214154,114400
2023-08-23,5.573888301849365,5.60456019390815,5.403799492190046,5.403799492190046,78700
2023-08-24,5.442836761474609,5.512545222461221,5.4037996616754285,5.509756820201754,44200
2023-08-25,5.429452419281006,5.498602984228438,5.38706955761968,5.481873103195457,169600
2023-08-28,5.431682586669922,5.4818727584457845,5.420529510627117,5.453989270588828,64900
2023-08-29,5.832088947296143,5.88897118496714,5.437260110972015,5.437260110972015,935300
2023-08-30,5.677057266235352,5.738400520803375,5.649173775310485,5.738400520803375,404000
2023-08-31,5.465142250061035,5.688209063600982,5.420528887353046,5.677055988840602,595600
2023-09-01,5.3480329513549805,5.437259691976128,5.2866891683029476,5.431682887728975,531800
2023-09-05,5.364761829376221,5.409375191346787,5.348031951595566,5.381491707156877,85500
2023-09-06,5.364761829376221,5.4428354787413245,5.275535105435089,5.359185026171594,316400
2023-09-07,5.409375190734863,5.4261050685136265,5.342455147786584,5.3536087541945765,86100
2023-09-08,5.417741298675537,5.426105973042693,5.381492603640148,5.409376092475068,257500
2023-09-11,5.214191913604736,5.38149175661531,5.203038307092975,5.364761878680899,371300
2023-09-12,5.448413848876953,5.559947285879713,5.414953551859435,5.459566926660539,618700
2023-09-13,5.4623541831970215,5.526485829541192,5.448412705933773,5.465142585016324,130100
2023-09-14,5.5822529792785645,5.615712738504704,5.548792688219141,5.5822529792785645,166800
2023-09-15,5.520908832550049,5.543215514489985,5.476295468670177,5.520908832550049,71100
2023-09-18,5.604559421539307,5.727246441033514,5.5655223283442234,5.7105160303070805,178000
2023-09-19,5.690439701080322,5.755128700143023,5.626865424398169,5.677055586849006,168200
2023-09-20,5.6252851486206055,5.706729335235639,5.6000092372691,5.650561059972111,98300
2023-09-21,5.54945707321167,5.577541476948665,5.504522241498655,5.543840085331181,208000
2023-09-22,5.532606601715088,5.577541433074635,5.532606601715088,5.555074017394862,41000
2023-09-25,5.5005903244018555,5.515755548514744,5.447230012155541,5.45958727806138,69300
2023-09-26,5.476438045501709,5.487672021688829,5.442736652605816,5.4595876168864965,101900
2023-09-27,5.473629951477051,5.58315854897867,5.442737050370232,5.577542096140117,78000
2023-09-28,5.6657257080078125,5.712345741334824,5.5213724464362475,5.532606421743423,101400
2023-09-29,5.605625629425049,5.6393270227523935,5.549457354766774,5.633710034586923,146600
2023-10-02,5.821874618530273,5.981955025146101,5.75166387628365,5.9314037406875135,446000
2023-10-03,5.670781135559082,5.740430501201276,5.6617942761532865,5.723579537191768,149900
2023-10-04,5.757279872894287,5.796597710369431,5.684260649250907,5.729195473698317,99200
2023-10-05,5.717963218688965,5.864001160531317,5.695495801815874,5.835917291189057,63400
2023-10-06,5.830299377441406,5.8443413098832515,5.701111349181806,5.701111349181806,161700
2023-10-09,5.737622261047363,5.757281184262759,5.667411514897817,5.706729361328608,100400
2023-10-10,5.687070846557617,5.734814178794845,5.667411921930321,5.689879340885162,90900
2023-10-11,5.555074214935303,5.633709904778103,5.50452239394181,5.628093452407519,78400
2023-10-12,5.526988983154297,5.549456396270153,5.498904582843132,5.5438394090748435,54400
2023-10-13,5.552265644073486,5.577541554220412,5.526989733926561,5.577541554220412,46400
2023-10-16,5.897702217102051,6.229096998817113,5.762897723556567,6.08867551745754,192800
2023-10-17,5.914552688598633,5.936458726969329,5.841533453472051,5.869617857084651,47200
2023-10-18,5.8527679443359375,5.888154006743106,5.830300526601395,5.8864688031050045,31500
2023-10-19,5.954994201660156,5.993188753875441,5.897702105504514,5.90893608092012,69800
2023-10-20,6.127993583679199,6.172928416495152,6.085867244872427,6.111143155289582,129200
2023-10-23,6.498706817626953,6.50994079469288,6.3021170399628215,6.341434888362546,250600
2023-10-24,6.976139068603516,7.139027961626784,6.87503543304927,7.1109435588988905,404100
2023-10-25,7.181154727935791,7.256982459142487,7.082859580334385,7.1221779607742235,191900
2023-10-26,7.021074295043945,7.103080391386175,6.964905486417411,7.094093531992257,112500
2023-10-27,6.942438125610352,7.071064259147912,6.852568459621681,7.066009184177505,128800
2023-10-30,7.077242851257324,7.167112513322171,6.992989641322453,7.071625863461912,74600
2023-10-31,7.109258651733398,7.133411271225849,7.009840215472675,7.0379246193709575,70400
2023-11-01,7.1727294921875,7.22328077528696,6.992989632616146,7.1558785288222415,104200
2023-11-02,7.155877590179443,7.2345138019062185,7.037923540421963,7.2345138019062185,62500
2023-11-03,7.099710464477539,7.139028308809424,7.015457252196486,7.015457252196486,55300
2023-11-06,7.318767070770264,7.4142537158897,7.285066217001883,7.34123448517099,97800
2023-11-07,7.419870853424072,7.442338268279053,7.17272929001929,7.206430144469048,57400
2023-11-08,7.369319438934326,7.4086372831635305,7.290683214810466,7.358085998725462,36000
2023-11-09,7.7400312423706055,7.925387539102118,7.565908920309073,7.627694173997779,232000
2023-11-10,7.9366230964660645,7.986613008119344,7.864727144104054,7.8973052486112945,118300
2023-11-13,7.863603591918945,7.942239820677709,7.748458010747656,7.8467531627797396,79800
2023-11-14,7.481656551361084,7.784966937614493,7.318767650144724,7.784966937614493,210900
2023-11-15,7.86922025680542,7.925388530183057,7.610844699404995,7.672629960820035,124200
2023-11-16,7.509740829467773,7.745648963224077,7.428296648059176,7.706331119486507,63300
2023-11-17,7.543441295623779,7.577142147360225,7.431103694727948,7.520973882577689,68300
2023-11-20,7.818668842315674,7.8916880836020065,7.678247348072454,7.7063317540541965,86800
2023-11-21,7.667012691497803,7.76811632979994,7.520974757541368,7.683863654991788,144000
2023-11-22,7.902920722961426,7.908537710721112,7.6333117384817095,7.6950969968419525,42800
2023-11-24,7.975940704345703,8.116362197505541,7.965268640868288,7.987174680917923,39200
2023-11-27,7.61084508895874,7.689480782845417,7.58837767132462,7.638929494917764,91900
2023-11-28,7.9366230964660645,7.970323955865724,7.723182356161381,7.723182356161381,116900
2023-11-29,7.7400312423706055,7.841696784738504,7.72879780336602,7.829900897068867,64400
2023-11-30,7.796201229095459,7.801818217284003,7.72879897782936,7.779350800195304,44200
2023-12-01,7.99840784072876,8.060193638373601,7.891687745370666,7.908538173971319,59500
2023-12-04,8.558971405029297,8.597727876993613,8.464608030724433,8.54886125393666,129700
2023-12-05,8.835319519042969,8.936423158968896,8.548860098695258,8.593794930736681,93000
2023-12-06,8.804988861083984,8.908339085749232,8.790385013345082,8.908339085749232,80100
2023-12-07,8.925189971923828,8.992592221897597,8.763985735129399,8.790384936310822,51100
2023-12-08,9.094819068908691,9.104929219421413,8.97574170117121,8.986975677888006,28600
2023-12-11,8.352270126342773,8.554476878266092,8.273633899428747,8.548860425795104,95900
2023-12-12,8.385972023010254,8.496623910481873,8.296102350092784,8.48145868440144,39100
2023-12-13,8.700515747070312,8.706132735459361,8.419111378164274,8.419672755603882,33300
2023-12-14,8.751067161560059,8.846553817041682,8.655580506078435,8.717366304134469,52300
2023-12-15,8.593795776367188,8.616263194598696,8.503926103441156,8.616263194598696,37000
2023-12-18,8.43090534210205,8.436522329564843,8.296100856987522,8.32418472297066,98600
2023-12-19,8.425289154052734,8.565710639953613,8.324185512791155,8.543243223636091,83100
2023-12-20,8.61831283569336,9.354258235824357,8.540844315580454,8.928184453504269,325000
2023-12-21,8.740971565246582,8.766794204105762,8.657047835039174,8.766794204105762,124600
2023-12-22,8.88945198059082,8.973375093062488,8.818439263739052,8.818439263739052,119200
2023-12-26,8.534390449523926,8.66350364374647,8.418188266893498,8.66350364374647,71500
2023-12-27,8.9410982131958,8.96046504001726,8.777123858082449,8.786161751643153,67100
2023-12-28,8.831351280212402,8.92818602389567,8.811983838947521,8.908819198291074,93400
2023-12-29,8.637681007385254,8.914629009161823,8.579579916053337,8.844262118200717,73300
2024-01-02,9.057297706604004,9.25742358993116,9.044386696912674,9.231600954888318,89900
2024-01-03,8.553757667541504,8.676415053770434,8.418188653467263,8.44401129349758,63500
2024-01-04,8.805527687072754,8.908818233322956,8.605401791967823,8.637680241586066,57100
2024-01-05,8.71514892578125,8.773250017125436,8.553757279007524,8.689326286923865,43400
2024-01-08,9.212235450744629,9.257424914620934,8.826186293603302,8.8894521586904,78500
2024-01-09,8.992742538452148,9.057298826209195,8.96691990021728,9.05084362839567,84400
2024-01-10,9.373627662658691,9.431728141581358,9.057299549446979,9.147679098316083,299800
2024-01-11,9.644763946533203,10.090205208975114,9.502739749391356,9.877168297602108,605200
2024-01-12,9.283246994018555,9.799700353319688,9.225145906443895,9.799700353319688,112300
2024-01-16,9.250968933105469,9.276791571374686,8.973375109966197,9.108944114794648,136100
2024-01-17,9.121856689453125,9.198678784629683,9.037932952444049,9.128312503606205,204800
2024-01-18,8.760337829589844,9.116045380501491,8.676414104755704,9.063754278504003,98500
2024-01-19,8.88299560546875,8.973374525696169,8.631870264562188,8.844261342756841,136400
2024-01-22,8.476288795471191,8.62476880505452,8.340719796622823,8.553756706861654,117400
2024-01-23,8.108317375183105,8.205152126183613,8.005026194279477,8.050216278318668,82400
2024-01-24,8.166417121887207,8.301986130490834,8.153506110223198,8.211607201861934,37600
2024-01-25,8.211606979370117,8.24194856396776,8.101860612728343,8.192239538908444,27600
2024-01-26,8.54084587097168,8.579580138082111,8.411732673370729,8.450466940481158,39100
2024-01-29,8.728060722351074,8.74742754795473,8.450466887504081,8.463377899353091,51800
2024-01-30,8.92172908782959,8.934640713715291,8.76033745821959,8.799071720216482,130000
2024-01-31,8.637681007385254,8.852008971422324,8.618314182161372,8.702237296684949,54600
2024-02-01,8.682869911193848,8.744198905382502,8.579579362450998,8.579579362450998,30200
2024-02-02,8.695781707763672,8.77195858130108,8.618313794690751,8.669959070072698,15200
2024-02-05,8.611858367919922,8.811983665093079,8.59249154269742,8.811983665093079,64300
2024-02-06,8.863628387451172,8.889451640343607,8.759692626596197,8.760337838522366,33400
2024-02-07,9.076666831970215,9.108944670029032,8.792617178034371,8.792617178034371,38400
2024-02-08,9.218690872192383,9.26839989932179,9.12185612849245,9.154134581612523,57400
2024-02-09,9.541473388671875,9.65121975087325,9.4317270264705,9.4317270264705,73200
2024-02-12,10.07729434967041,10.096661790840704,9.586664204234994,9.586664204234994,59700
2024-02-13,9.98045825958252,9.986914072434729,9.822294538664574,9.857800893691529,89500
2024-02-14,10.477545738220215,10.50982480736912,10.37425517958489,10.425900458902554,87400
2024-02-15,10.600202560424805,10.748682568048553,10.542101473733695,10.684125668245047,120800
2024-02-16,10.503369331359863,10.663469332997746,10.451724050381133,10.613115707354748,48300
2024-02-20,10.884252548217773,10.922986196879336,10.59374710495483,10.922986196879336,74000
2024-02-21,10.58729076385498,10.703492935367555,10.548557117124265,10.580834950846455,42600
2024-02-22,10.922986030578613,10.942353470274774,10.65184803143473,10.703493305970685,62000
2024-02-23,10.71640396118164,10.74868179309602,10.580834358236459,10.74868179309602,36900
2024-02-26,11.523364067077637,11.549832534116023,10.845518397649203,10.929442745267478,86200
2024-02-27,11.839691162109375,11.936525902734067,11.723488980831533,11.891336439197246,71500
2024-02-28,12.252852439880371,13.013975930133286,12.078549181320406,12.375510425310024,173700
2024-02-29,12.640192985534668,12.975887886674132,12.394878238591508,12.937154238487416,99900
2024-03-01,12.846774101257324,12.885507749495194,12.523990826193971,12.840318287997599,99800
2024-03-04,13.563355445861816,13.621456542788664,13.098547901767697,13.098547901767697,124800
2024-03-05,12.601460456848145,14.18309790428845,12.007539129499794,13.911959880252885,186200
2024-03-06,13.99588394165039,14.09271868439439,13.589176298276808,13.95069447712456,167500
2024-03-07,14.2089204788208,14.22183210585164,13.815124473623856,14.00879518512488,92100
2024-03-08,14.396134376525879,14.596260904754105,13.860314159352024,14.338033285275174,102800
2024-03-11,14.835119247436523,15.00942251408475,14.69955086092379,14.931953985134262,191900
2024-03-12,14.62853717803955,14.906130977385965,14.086261205204794,14.835118266487,114100
2024-03-13,14.893219947814941,14.893219947814943,14.62853776372939,14.828663047260315,58500
2024-03-14,14.028162002563477,14.680184420044045,13.822226098378847,14.680184420044045,88400
2024-03-15,13.821579933166504,14.186325383863133,13.563353555765545,13.563353555765545,83400
2024-03-18,13.214747428894043,13.569809786137423,13.117912688307861,13.466519232002756,81700
2024-03-19,12.685384750366211,12.814498576193527,12.239943405714738,12.595005811079508,121200
2024-03-20,12.917535781860352,12.930505492092596,12.093977735007503,12.450637345236355,87700
2024-03-21,12.949958801269531,13.403888763844,12.875384822834803,13.384434198524646,53100
2024-03-22,12.612756729125977,12.794327749650193,12.41172990374586,12.794327749650193,34500
2024-03-25,13.890241622924805,13.903211333004965,13.060198730689114,13.060198730689114,65400
2024-03-26,13.578977584838867,13.909697809271794,13.553038161655214,13.85133534396835,40600
2024-03-27,13.339040756225586,14.039388992140262,13.280678300161064,13.805940404741756,39500
2024-03-28,13.721637725830078,13.88051356622363,13.669760127573726,13.792969887254879,29000
2024-04-01,13.416858673095703,13.682731552106222,13.163954267630832,13.682731552106222,45600
2024-04-02,12.645177841186523,12.755417902609715,12.450637138373658,12.515483214738197,39900
2024-04-03,12.710025787353516,12.898081644522941,12.625723904906092,12.716510642684831,21200
2024-04-04,13.053715705871582,13.280680716657923,12.936992009363564,12.936992009363564,28700
2024-04-05,12.852688789367676,12.982383421218158,12.710025683819886,12.80081118399942,35600
2024-04-08,14.052359580993652,14.052359580993652,13.830581986699007,14.052359580993652,107900
2024-04-09,13.358495712280273,13.786486244731481,13.23528594176868,13.780001389771964,32000
2024-04-10,13.481705665588379,13.486244940435627,13.060198745521923,13.099107875806588,18800
2024-04-11,13.514130592346191,13.663278568699523,13.38443594699385,13.617885813884143,28900
2024-04-12,12.567360877990723,13.42334319029212,12.158824905387926,13.42334319029212,46900
2024-04-15,11.99670696258545,12.573845442287732,11.815134736260646,12.534937549810845,67300
2024-04-16,11.860529899597168,12.0161627218365,11.684793159400307,11.990223299700082,23000
2024-04-17,11.594654083251953,11.867011791760868,11.339157244050595,11.808649337304704,64600
2024-04-18,11.944829940795898,12.042100295144825,11.686090031374762,11.782712271261133,26100
2024-04-19,12.11343002319336,12.24960824445331,11.996705126765164,12.24960824445331,40200
2024-04-22,12.450636863708496,12.560227571411506,12.353365277588283,12.450636863708496,46900
2024-04-23,12.515482902526855,12.684085417959873,12.41821255354693,12.46360530061359,27200
2024-04-24,12.100461959838867,12.57384522692156,12.029129794136693,12.508999152857308,24200
2024-04-25,12.230157852172852,12.256096037121132,11.931860685679515,11.977253436983789,22000
2024-04-26,12.087492942810059,12.176982212274858,11.964284405541337,12.055069903920321,31100
2024-04-29,12.087492942810059,12.100462653109814,11.837183470951107,11.964284405541337,14600
2024-04-30,11.199090003967285,11.619947624097657,11.15369724995411,11.594656315267645,30700
2024-05-01,11.004547119140625,11.237996962383432,10.898198213365891,11.03697139562417,31800
2024-05-02,11.380661010742188,11.387145866575894,11.22502818131256,11.348237968433432,41200
2024-05-03,11.81513500213623,11.828104712206917,11.659502191866885,11.659502191866885,59000
2024-05-06,11.879982948303223,12.081008517666037,11.795682302073558,11.964284831392584,19700
2024-05-07,11.817730903625488,12.055070680473433,11.815135971910658,11.918891187273012,7100
2024-05-08,11.627079010009766,11.704894795753964,11.601139590188625,11.62059415505448,21100
2024-05-09,11.70489501953125,11.71786472968978,11.439022145579589,11.562231918366342,16900
2024-05-10,11.309329986572266,11.886468546042268,11.237997809789315,11.886468546042268,17400
2024-05-13,11.64523696899414,11.691927186003909,11.5492628401729,11.64653319796514,12800
2024-05-14,11.367691993713379,11.463664887011012,11.296359819804815,11.43902293076222,15700
2024-05-15,12.068039894104004,12.08749322314515,11.77622758989001,11.795682155790836,59200
2024-05-16,11.834590911865234,12.029131637590343,11.743805404774818,12.009678307133694,15800
2024-05-17,12.295003890991211,12.353366353000194,12.119917741823961,12.165310492973237,47900
2024-05-20,13.287163734436035,13.293648589488209,12.249610426421125,12.314457740083238,64100
2024-05-21,13.741093635559082,14.156114462279932,13.676894436613651,13.98751194220968,79300
2024-05-22,13.818909645080566,13.96157398421219,13.62761074776651,13.786486606292279,42500
2024-05-23,13.669761657714844,13.968058808723748,13.495323631492012,13.935634533146887,84500
2024-05-24,13.754061698913574,13.79297082790398,13.462250652643057,13.656791350156734,46700
2024-05-28,13.857819557189941,14.052360274607567,13.630854562296236,14.052360274607567,27100
2024-05-29,13.591943740844727,13.767031106885922,13.553035849566538,13.741092924986983,30100
2024-05-30,13.747578620910645,13.942119326065377,13.695701017078742,13.773516804396778,26200
2024-05-31,13.663276672363281,13.864302231585102,13.462251113141459,13.864302231585102,18300
2024-06-03,13.789081573486328,14.052360779117768,13.74109512533057,13.987513458697162,18600
2024-06-04,13.987513542175293,14.100996662803567,13.792972816612206,13.89024317939375,41300
2024-06-05,14.2144775390625,14.220962394369598,13.9226652345415,14.091267761947003,16400
2024-06-06,13.968060493469238,14.172327888372601,13.942121069879088,14.136661799366042,24100
2024-06-07,13.626961708068848,14.13665916542245,13.410372756257098,14.032903964113114,84800
2024-06-10,13.61139965057373,13.760547612601597,13.55952204478753,13.55952204478753,33300
2024-06-11,13.092623710632324,13.228801963225228,12.755418651555088,13.228801963225228,67100
2024-06-12,13.138015747070312,13.60491417796205,13.118561181960796,13.46873593277432,35400
2024-06-13,12.969411849975586,13.209346513418312,12.820263910547146,13.014804593552979,38000
2024-06-14,12.710025787353516,13.112076923017632,12.606270575771829,13.112076923017632,17900
2024-06-17,13.118561744689941,13.176924205662358,12.800811255428835,12.962928927716728,39000
2024-06-18,12.612756729125977,12.719753760954918,12.534939694001446,12.651664628258334,31000
2024-06-20,12.880277633666992,12.952052629494192,12.782403431335903,12.939002403973245,37200
2024-06-21,12.795454978942871,12.815029074708773,12.573606100316342,12.645379859021537,35500
2024-06-24,11.888483047485352,12.167752401230546,11.849333614960875,12.110331906020757,79500
2024-06-25,12.358281135559082,12.410480793431578,12.17231977660469,12.208206030204895,14700
2024-06-26,12.26693058013916,12.310648710667467,12.10250222084174,12.247356486625463,28000
2024-06-27,12.345231056213379,12.508355144564751,12.33870594333476,12.358281281970616,31200
2024-06-28,12.064657211303711,12.423530946039307,12.038558004789815,12.377855156698482,23600
2024-07-01,12.580130577087402,12.684529897682479,12.38438091756808,12.508355577476511,44500
2024-07-02,12.33870792388916,12.540981477442262,12.286508257019383,12.423533160388937,15500
2024-07-03,11.973308563232422,12.035295269959532,11.889136721200684,11.940682998214427,23400
2024-07-05,11.027188301086426,11.144637845715408,10.831439889730152,11.144637845715408,81000
2024-07-08,11.072863578796387,11.203363358012112,10.7727158289536,11.13811346840425,22600
2024-07-09,11.301236152648926,11.391933102020982,11.125061846166552,11.125061846166552,11300
2024-07-10,11.333863258361816,11.496987361855844,11.307762804424463,11.496987361855844,18800
2024-07-11,11.30776309967041,11.614435974212686,11.294712872360991,11.399112201759987,23600
2024-07-12,11.373013496398926,11.523087383502794,11.138114372557581,11.138114372557581,15800
2024-07-15,12.465291023254395,12.554030322706243,12.234307242773012,12.25388258239516,56800
2024-07-16,12.759566307067871,12.795453805398084,12.37785529564597,12.534454270101255,22100
2024-07-17,12.601661682128906,12.717153564607854,12.501829821387615,12.684529245301578,13700
2024-07-18,12.46268081665039,12.801979225037233,12.403956044255052,12.801979225037233,26100
2024-07-19,13.062325477600098,13.100822777023225,12.508356644340395,12.508356644340395,37200
2024-07-22,13.082551956176758,13.108652408824845,12.85417921819639,13.023827182256639,26600
2024-07-23,12.756304740905762,13.003601943868778,12.691708231376143,12.919428848817795,21800
2024-07-24,12.582088470458984,12.912904119350825,12.554030359132017,12.867228326766615,22700
2024-07-25,12.025508880615234,12.14948354538992,11.868909893575795,12.038559107336384,34700
2024-07-26,12.645377159118652,12.645377159118652,12.436578551941878,12.52140376394361,15300
2024-07-29,12.593179702758789,13.017303347631389,12.527931060044315,13.017303347631389,19300
2024-07-30,12.390904426574707,12.612753265253724,12.371329089795532,12.612753265253724,14300
2024-07-31,12.3119535446167,12.625804882888518,12.149482836212995,12.449630566050816,37000
2024-08-01,11.862382888793945,12.149481608191618,11.725358019146313,12.103805821950461,24000
2024-08-02,11.562235832214355,12.136433364743645,11.523086396440398,12.06204856559644,18900
2024-08-05,9.572121620178223,9.950569457978848,8.808700831653406,8.808700831653406,467900
2024-08-06,10.068018913269043,10.165893117188492,9.741770737178863,9.833119828231945,248500
2024-08-07,9.572121620178223,10.08759371802866,9.559071394331088,10.035394059178163,33600
2024-08-08,10.440593719482422,10.517588308559038,10.006031534467674,10.087593578073616,21800
2024-08-09,10.603066444396973,10.753140316920831,10.439942345252405,10.596541331086618,61200
2024-08-12,10.557391166687012,10.72704036742625,10.40731668225799,10.603065712167187,5100
2024-08-13,10.824914932250977,10.920831480958105,10.537816179537842,10.544341292615192,16000
2024-08-14,10.567178726196289,10.851014304401465,10.52476611282004,10.851014304401465,6300
2024-08-15,10.159368515014648,10.635690577361007,10.126744193580876,10.576965803149749,25000
2024-08-16,10.583490371704102,10.583490371704102,10.276817534578926,10.439941622429386,8100
2024-08-19,10.459518432617188,10.472567415632266,10.296393699546725,10.413843258449818,20300
2024-08-20,10.483006477355957,10.687889796121356,10.355117126475832,10.655265476037552,15600
2024-08-21,10.759664535522461,10.772714761057996,10.348591765188191,10.45951681543322,13100
2024-08-22,10.563915252685547,10.655264334766345,10.525417961731796,10.622640018176888,23500
2024-08-23,11.144637107849121,11.16421244550392,10.700939410644075,10.753139066518907,12500
2024-08-26,10.97498893737793,11.138113032748084,10.961938711059178,11.138113032748084,11800
2024-08-27,10.668315887451172,10.766190093943042,10.603066001610571,10.707465321140308,17100
2024-08-28,10.244193077087402,10.387742455420764,10.0849842983294,10.34859239868656,36400
2024-08-29,10.307485580444336,10.550866832098132,10.270293181123169,10.472566716543538,15000
2024-08-30,10.218093872070312,10.381217977620015,10.009947354088007,10.335543427192203,9200
2024-09-03,10.02886962890625,10.263768109722717,9.957095248668484,10.231143787422226,18700
2024-09-04,10.035393714904785,10.133267916324552,9.77439480733708,9.787445032736514,11500
2024-09-05,9.66999626159668,9.937519680852548,9.65694665742932,9.787445810448151,6900
2024-09-06,9.167573928833008,9.822027943342304,9.128423873663627,9.800495568566399,54400
2024-09-09,9.741771697998047,9.748296189238904,9.415523489730399,9.532972421563782,15900
2024-09-10,9.872270584106445,9.882058254100933,9.643896595720834,9.702621371149652,8700
2024-09-11,9.761345863342285,9.826595750207463,9.467722616987055,9.669996146184841,9300
2024-09-12,9.865744590759277,9.865744590759277,9.715670731177944,9.780919991847176,10300
2024-09-13,10.094771385192871,10.139793795045588,9.767871054830387,9.807020489448279,29000
2024-09-16,9.656946182250977,9.753515488506233,9.632803388985401,9.741770783106613,13800
2024-09-17,9.996244430541992,10.159368526979135,9.800496012632657,9.85922016464403,51300
2024-09-18,9.891844749450684,10.113693612118256,9.780920318116896,9.885319636485397,20800
2024-09-19,10.496931076049805,10.575855294397977,10.371967887140348,10.457468653258752,19700
2024-09-20,10.628472328186035,10.713974355917715,10.559413866572886,10.608740801524577,16900
2024-09-23,10.950746536254883,10.983632414422605,10.839595655111536,10.87840011322186,19500
2024-09-24,10.970476150512695,10.99020641950548,10.753434410317707,10.878398216632325,13900
2024-09-25,10.713973045349121,10.898128920457632,10.700818695850566,10.852089951680504,31400
2024-09-26,11.023094177246094,11.128326478098296,10.89155317394685,10.924439052005651,32500
2024-09-27,11.180941581726074,11.312482572709996,11.062554940734117,11.101359395082909,54600
2024-09-30,10.760011672973633,10.891551400385193,10.705422253306454,10.871821131230735,36000
2024-10-01,10.378544807434082,10.79947461430029,10.220696365071987,10.79947461430029,35200
2024-10-02,10.016807556152344,10.319350694460566,9.997076659176608,10.187810335899146,19800
2024-10-03,10.04311752319336,10.056271247093404,9.878691897421895,10.003655097025254,29400
2024-10-04,10.312774658203125,10.325928381094396,10.082578548883474,10.154925592870308,16800
2024-10-07,10.421953201293945,10.674510835509983,10.325928700452275,10.444315346304837,61700
2024-10-08,10.306198120117188,10.423926801184725,10.24042761989406,10.358814269402098,5400
2024-10-09,10.154926300048828,10.358814350550553,10.148349751762177,10.253582051156366,20200
2024-10-10,9.944461822509766,10.102310273525637,9.80634427106238,10.102310273525637,12500
2024-10-11,10.42458438873291,10.443657318768873,10.227273522506826,10.227273522506826,15400
2024-10-14,11.016515731811523,11.069131876172806,10.760012184858754,10.760012184858754,34700
2024-10-15,11.029670715332031,11.282886316642777,10.773165899171536,10.970477392715601,28100
2024-10-16,11.145423889160156,11.200671902291948,11.08886244831898,11.134901413872369,40100
2024-10-17,11.003362655639648,11.148058010231171,11.003362655639648,11.055978806090753,12800
2024-10-18,11.279597282409668,11.351944956647763,11.141480363738314,11.141480363738314,26600
2024-10-21,11.27302074432373,11.325636895525422,11.141480993553495,11.292752271449864,16000
2024-10-22,11.134903907775879,11.144769044184624,11.037563462755978,11.115172380490383,10600
2024-10-23,10.779743194580078,11.015200550837289,10.608740400055975,11.015200550837289,13000
2024-10-24,10.990206718444824,10.990206718444824,10.90470595672564,10.911283131391393,16000
2024-10-25,10.746858596801758,11.082287011302816,10.615317599342074,10.970477539802463,7300
2024-10-28,11.015201568603516,11.059925863022158,10.93759264908978,11.016517505573255,13600
2024-10-29,11.569644927978516,11.740647736073432,11.370361392849217,11.404561954468202,40600
2024-10-30,11.551885604858398,11.739989303511168,11.536101889702715,11.6347570089992,16800
2024-10-31,11.055977821350098,11.476908241935226,11.042824725759834,11.476908241935226,10600
2024-11-01,10.996785163879395,11.332213583787487,10.944169014940947,11.102017461756294,40600
2024-11-04,10.628472328186035,10.812629480289068,10.602164880438725,10.812629480289068,13700
2024-11-05,10.82578182220459,10.989550095013998,10.70081925879775,10.878399222966898,34200
2024-11-06,11.970186233520508,11.989916506042974,11.582141650650835,11.680796776667128,56100
2024-11-07,12.463461875915527,12.476614971463622,12.055028465535424,12.13461065232375,36300
2024-11-08,12.555540084838867,12.654195203126651,12.401638200667353,12.555540084838867,61000
2024-11-11,14.324760437011719,14.351067883835144,13.41713031394694,13.436861839915451,124000
2024-11-12,14.33791446685791,14.370800345613587,13.890677805992746,14.02221755761144,60900
2024-11-13,14.048524856567383,14.725957583145757,14.010377742810526,14.245835091509692,59800
2024-11-14,13.719674110412598,14.265567117686219,13.647326436308456,14.199796618906811,37600
2024-11-15,14.009060859680176,14.035369558278177,13.548669924425308,13.772288844637139,76300
2024-11-18,14.160334587097168,14.258332365218529,13.845295044722974,13.936715647628441,38400
2024-11-19,14.11429500579834,14.344491131006006,13.982755258871073,14.041948584052129,34400
2024-11-20,14.199796676635742,14.337913595612878,14.022216705549768,14.337913595612878,24000
2024-11-21,15.114002227783203,15.245543221553435,14.673341529461181,15.054808906033388,69700
2024-11-22,15.028501510620117,15.09755996807173,14.873283689413885,14.910114866721413,63900
2024-11-25,15.160040855407715,15.325125062283231,14.831189632908911,15.291581846194381,60000
2024-11-26,14.429990768432617,14.758841962990084,14.377374627482132,14.469452560528541,65800
2024-11-27,15.548086166381836,15.580972042936978,15.048232132954958,15.074540834199071,41300
2024-11-29,15.495469093322754,15.77170416755584,15.495469093322754,15.56781676295718,20400
2024-12-02,15.390237808227539,15.666472900493046,15.22646952913218,15.462585482584768,23000
2024-12-03,15.344198226928711,15.390237198069723,15.002192649212791,15.127156466929739,27000
2024-12-04,16.24525260925293,16.264982881827585,15.64674342144058,15.64674342144058,27800
2024-12-05,16.06109619140625,16.771414889488202,15.94928670863094,16.6201436052828,73300
2024-12-06,16.78456687927246,16.901637584570985,16.238673894188395,16.291290040179586,65900
2024-12-09,15.65331745147705,16.405072358340494,15.600701306854877,16.205787597243802,52800
2024-12-10,15.46258544921875,15.784859513755098,15.065333091241452,15.765127987754452,25900
2024-12-11,16.251827239990234,16.297867466100584,15.817743715264339,15.817743715264339,31000
2024-12-12,16.218942642211914,16.6332958965314,16.149884184647966,16.547793873813077,23800
2024-12-13,16.449138641357422,16.528062233893333,16.221573149092038,16.35048352345359,38700
2024-12-16,17.04764747619629,17.26468923352474,16.634610168878048,16.63987140709575,65700
2024-12-17,16.883222579956055,17.193658228378148,16.78456745961993,17.133148968438764,39900
2024-12-18,15.817742347717285,16.59448998237264,15.751973110753033,16.554369593714085,44100
2024-12-19,14.83119010925293,16.047939922471308,14.68649601831464,15.962439153841386,60300
2024-12-20,14.975886344909668,15.17319659468819,14.60757203877007,14.633880741123459,63400
2024-12-23,14.614148139953613,14.693072986743397,14.33528243874284,14.686495811638592,56400
2024-12-24,15.287096977233887,15.316742020498634,14.970879726947157,15.020288760654358,148000
2024-12-26,14.634900093078613,14.764350835382077,14.563750859715723,14.733717216217407,87900
2024-12-27,14.555846214294434,14.81277245087942,14.37797500176551,14.81277245087942,52900
2024-12-30,14.664546012878418,14.756445933470115,14.200102584910718,14.447146821131987,130500
2024-12-31,14.476791381835938,14.92147174609352,14.447146338351747,14.88194470731495,147600
