Price,Ticker,Open,High,Low,Close,Volume
Ticker,,GBTC,GBTC,GBTC,GBTC,GBTC
Date,,,,,,
2023-01-03,GBTC,7.425474166870117,7.443541049957275,7.235772132873535,7.407406806945801,3123511
2023-01-04,GBTC,7.479674816131592,7.633243083953857,7.344172954559326,7.570009231567383,2536580
2023-01-05,GBTC,7.560976028442383,7.669376850128174,7.416440963745117,7.633243083953857,2694992
2023-01-06,GBTC,7.50677490234375,7.850045204162598,7.452575206756592,7.813910961151123,2417467
2023-01-09,GBTC,7.971995830535889,8.879855155944824,7.967480182647705,8.717253684997559,6479160
2023-01-10,GBTC,8.766938209533691,8.98825740814209,8.536584854125977,8.925023078918457,2902886
2023-01-11,GBTC,8.703703880310059,8.997289657592773,8.364950180053711,8.852754592895508,2866577
2023-01-12,GBTC,9.218608856201172,10.153568267822266,8.94308853149414,9.47606086730957,8348219
2023-01-13,GBTC,9.308942794799805,10.325202941894531,9.232158660888672,10.225835800170898,6374106
2023-01-17,GBTC,10.858175277709961,11.246611595153809,10.207769393920898,10.587173461914062,7967743
2023-01-18,GBTC,10.785907745361328,10.840107917785645,9.494128227233887,9.783198356628418,6579787
2023-01-19,GBTC,9.525745391845703,10.722674369812012,9.521228790283203,10.352304458618164,4840468
2023-01-20,GBTC,10.388437271118164,11.065943717956543,10.140018463134766,11.002710342407227,5025337
2023-01-23,GBTC,11.115628242492676,11.580848693847656,10.731706619262695,11.09304428100586,6543920
2023-01-24,GBTC,11.11111068725586,11.156277656555176,10.686539649963379,10.813008308410645,3321443
2023-01-25,GBTC,10.627822875976562,11.01174259185791,10.252936363220215,10.939476013183594,3235650
2023-01-26,GBTC,11.025294303894043,11.120144844055176,10.668473243713379,11.05691146850586,2834474
2023-01-27,GBTC,10.98464298248291,11.345979690551758,10.894309043884277,11.165311813354492,2555510
2023-01-30,GBTC,11.147245407104492,11.228546142578125,10.704607009887695,10.740740776062012,5167697
2023-01-31,GBTC,10.794940948486328,11.08401107788086,10.785907745361328,10.97560977935791,2491082
2023-02-01,GBTC,10.98915958404541,11.463415145874023,10.713640213012695,11.427281379699707,2922480
2023-02-02,GBTC,11.612465858459473,12.014452934265137,11.309845924377441,11.680216789245605,6450268
2023-02-03,GBTC,11.485998153686523,11.635049819946289,11.102078437805176,11.129178047180176,3028752
2023-02-06,GBTC,11.016260147094727,11.065943717956543,10.758808135986328,10.776873588562012,1887103
2023-02-07,GBTC,10.772357940673828,11.002710342407227,10.614273071289062,10.97560977935791,2964103
2023-02-08,GBTC,11.029809951782227,11.038844108581543,10.53297233581543,10.614273071289062,2244000
2023-02-09,GBTC,10.587173461914062,10.650406837463379,9.539295196533203,9.60252857208252,5301312
2023-02-10,GBTC,9.607046127319336,9.783198356628418,9.539295196533203,9.638663291931152,3651882
2023-02-13,GBTC,9.534778594970703,9.620595932006836,9.277325630187988,9.385726928710938,2722777
2023-02-14,GBTC,9.385726928710938,9.87353229522705,9.304426193237305,9.801264762878418,2627132
2023-02-15,GBTC,10.054201126098633,11.065943717956543,10.018067359924316,10.993677139282227,3752509
2023-02-16,GBTC,10.862691879272461,11.454380989074707,10.731706619262695,10.740740776062012,4569696
2023-02-17,GBTC,10.53297233581543,11.09304428100586,10.505871772766113,11.020776748657227,3831991
2023-02-21,GBTC,11.020776748657227,11.09304428100586,10.704607009887695,10.731706619262695,2677280
2023-02-22,GBTC,10.578139305114746,10.731706619262695,10.198735237121582,10.460704803466797,3411553
2023-02-23,GBTC,10.745257377624512,10.767841339111328,10.460704803466797,10.740740776062012,1721274
2023-02-24,GBTC,10.645890235900879,10.713640213012695,10.117435455322266,10.352304458618164,2068097
2023-02-27,GBTC,10.600723266601562,10.767841339111328,10.316169738769531,10.379404067993164,1344784
2023-02-28,GBTC,10.361336708068848,10.632340431213379,10.325202941894531,10.42457103729248,1212497
2023-03-01,GBTC,10.53748893737793,10.731706619262695,10.39747142791748,10.39747142791748,1530206
2023-03-02,GBTC,10.383920669555664,10.442638397216797,10.144535064697266,10.39747142791748,1404340
2023-03-03,GBTC,9.950316429138184,10.39747142791748,9.837397575378418,10.162602424621582,3302070
2023-03-06,GBTC,10.144535064697266,10.740740776062012,10.063234329223633,10.632340431213379,3134692
2023-03-07,GBTC,10.632340431213379,12.186088562011719,10.298103332519531,11.653117179870605,8856000
2023-03-08,GBTC,11.427281379699707,12.231255531311035,11.291780471801758,11.96025276184082,5189616
2023-03-09,GBTC,11.793134689331055,11.906051635742188,10.578139305114746,10.659440040588379,4601467
2023-03-10,GBTC,10.478771209716797,11.020776748657227,10.063234329223633,10.144535064697266,3245392
2023-03-13,GBTC,11.05691146850586,11.725383758544922,10.614273071289062,11.427281379699707,7492951
2023-03-14,GBTC,12.118337631225586,12.285455703735352,11.93315315246582,12.186088562011719,5969719
2023-03-15,GBTC,12.240288734436035,12.258356094360352,11.472448348999023,11.987353324890137,3459043
2023-03-16,GBTC,11.97380256652832,12.827462196350098,11.915085792541504,12.691960334777832,3641698
2023-03-17,GBTC,13.333333015441895,14.03794002532959,13.242999076843262,13.938572883605957,8630061
2023-03-20,GBTC,14.471545219421387,14.670280456542969,14.254742622375488,14.45347785949707,6888750
2023-03-21,GBTC,14.55284595489502,14.58897876739502,14.056007385253906,14.45347785949707,4156564
2023-03-22,GBTC,14.521228790283203,15.130985260009766,13.60433578491211,13.622403144836426,6596724
2023-03-23,GBTC,13.983739852905273,14.769647598266602,13.821138381958008,14.543811798095703,4334348
2023-03-24,GBTC,14.367659568786621,14.670280456542969,14.110207557678223,14.45347785949707,2248649
2023-03-27,GBTC,14.119240760803223,14.408310890197754,13.559168815612793,13.757904052734375,3664502
2023-03-28,GBTC,13.59530258178711,14.354109764099121,13.568202018737793,14.101174354553223,2644180
2023-03-29,GBTC,14.543811798095703,14.87804889678955,14.254742622375488,14.308942794799805,2910524
2023-03-30,GBTC,14.607046127319336,14.616079330444336,13.91147232055664,14.290876388549805,1998578
2023-03-31,GBTC,14.376693725585938,14.832881927490234,14.372177124023438,14.778680801391602,2967867
2023-04-03,GBTC,14.760614395141602,14.869014739990234,14.299909591674805,14.498644828796387,2319054
2023-04-04,GBTC,14.643179893493652,14.643179893493652,14.363143920898438,14.417344093322754,2131418
2023-04-05,GBTC,14.43992805480957,14.670280456542969,14.327010154724121,14.625112533569336,1768875
2023-04-06,GBTC,14.57542896270752,14.724480628967285,14.281843185424805,14.643179893493652,1679762
2023-04-10,GBTC,14.728997230529785,15.844625473022461,14.679312705993652,15.483287811279297,5223822
2023-04-11,GBTC,16.007226943969727,16.62150001525879,15.862691879272461,16.007226943969727,5709131
2023-04-12,GBTC,16.043359756469727,16.061426162719727,15.41102123260498,15.42005443572998,2790415
2023-04-13,GBTC,15.618789672851562,16.260162353515625,15.600723266601562,15.98915958404541,2864252
2023-04-14,GBTC,16.233062744140625,16.504064559936523,15.474254608154297,15.745257377624512,3373693
2023-04-17,GBTC,15.176152229309082,15.266486167907715,14.896116256713867,15.185185432434082,2571450
2023-04-18,GBTC,15.57362174987793,15.916893005371094,15.383920669555664,15.483287811279297,2640306
2023-04-19,GBTC,15.14905071258545,15.257452964782715,14.372177124023438,14.760614395141602,4336230
2023-04-20,GBTC,14.56187915802002,14.607046127319336,14.227642059326172,14.290876388549805,2964657
2023-04-21,GBTC,14.191509246826172,14.299909591674805,13.694669723510742,13.730804443359375,2735508
2023-04-24,GBTC,13.676603317260742,14.01084041595459,13.351400375366211,13.541102409362793,2744807
2023-04-25,GBTC,13.559168815612793,13.640469551086426,13.188798904418945,13.514001846313477,2078946
2023-04-26,GBTC,14.498644828796387,14.679312705993652,13.523035049438477,13.640469551086426,2804585
2023-04-27,GBTC,14.083106994628906,14.9954833984375,14.01987361907959,14.85094928741455,2154333
2023-04-28,GBTC,14.688346862792969,14.91418170928955,14.408310890197754,14.832881927490234,1374341
2023-05-01,GBTC,14.57091236114502,14.611562728881836,13.775971412658691,13.775971412658691,1972895
2023-05-02,GBTC,13.839204788208008,14.679312705993652,13.821138381958008,14.643179893493652,2673516
2023-05-03,GBTC,14.42637825012207,14.778680801391602,14.363143920898438,14.769647598266602,1882564
2023-05-04,GBTC,14.87804889678955,15.209574699401855,14.796748161315918,14.950316429138184,2042304
2023-05-05,GBTC,14.977416038513184,15.311653137207031,14.950316429138184,15.185185432434082,1465447
2023-05-08,GBTC,14.56187915802002,14.670280456542969,13.947606086730957,14.01084041595459,2770268
2023-05-09,GBTC,14.083106994628906,14.399276733398438,14.03794002532959,14.146341323852539,1148180
2023-05-10,GBTC,14.308942794799805,14.634145736694336,13.57723617553711,13.90243911743164,2301121
2023-05-11,GBTC,13.830171585083008,13.839204788208008,13.062331199645996,13.242999076843262,2831485
2023-05-12,GBTC,12.990062713623047,13.360433578491211,12.547425270080566,12.881662368774414,3350336
2023-05-15,GBTC,13.224931716918945,13.631436347961426,13.02619743347168,13.550135612487793,2443481
2023-05-16,GBTC,13.405600547790527,13.459800720214844,13.161698341369629,13.215899467468262,1782934
2023-05-17,GBTC,13.107498168945312,13.60433578491211,12.990062713623047,13.568202018737793,1521682
2023-05-18,GBTC,13.441734313964844,13.495935440063477,12.859079360961914,13.02619743347168,1703009
2023-05-19,GBTC,13.08039665222168,13.143630981445312,12.881662368774414,12.999096870422363,1244822
2023-05-22,GBTC,12.93586254119873,13.161698341369629,12.791328430175781,12.818428039550781,1730462
2023-05-23,GBTC,12.94489574432373,13.233965873718262,12.899728775024414,12.94489574432373,1231316
2023-05-24,GBTC,12.737127304077148,12.773261070251465,12.276423454284668,12.3712739944458,2497724
2023-05-25,GBTC,12.48419189453125,12.547425270080566,12.303523063659668,12.429990768432617,1410539
2023-05-26,GBTC,12.470641136169434,12.809394836425781,12.3848237991333,12.49322509765625,1561091
2023-05-30,GBTC,12.92682933807373,13.098464012145996,12.700993537902832,12.962963104248047,2079167
2023-05-31,GBTC,12.6016263961792,12.673892974853516,12.420957565307617,12.547425270080566,1246703
2023-06-01,GBTC,12.411924362182617,12.719060897827148,12.3848237991333,12.691960334777832,1835295
2023-06-02,GBTC,12.782294273376465,13.01716423034668,12.746161460876465,12.990062713623047,1489247
2023-06-05,GBTC,12.845527648925781,12.881662368774414,12.09575366973877,12.358627319335938,1951752
2023-06-06,GBTC,12.195121765136719,13.134597778320312,12.09575366973877,13.071364402770996,2371415
2023-06-07,GBTC,12.863595008850098,13.008130073547363,12.420957565307617,12.49322509765625,2010755
2023-06-08,GBTC,12.439023971557617,12.691960334777832,12.3938570022583,12.511292457580566,1212829
2023-06-09,GBTC,12.511292457580566,12.6016263961792,12.213189125061035,12.231255531311035,1504192
2023-06-12,GBTC,12.195121765136719,12.195121765136719,11.761517524719238,11.851852416992188,2525178
2023-06-13,GBTC,11.878952026367188,12.04155445098877,11.770550727844238,11.842818260192871,1990607
2023-06-14,GBTC,11.788618087768555,12.149954795837402,11.770550727844238,11.978320121765137,1343455
2023-06-15,GBTC,11.779583930969238,12.149954795837402,11.616983413696289,12.104787826538086,2480344
2023-06-16,GBTC,12.3667573928833,14.543811798095703,12.149954795837402,13.658536911010742,5828909
2023-06-20,GBTC,13.821138381958008,16.016260147094727,13.794037818908691,15.221319198608398,11335016
2023-06-21,GBTC,15.853658676147461,16.838302612304688,15.826558113098145,16.007226943969727,10592994
2023-06-22,GBTC,16.269195556640625,16.793134689331055,15.817524909973145,16.260162353515625,5400610
2023-06-23,GBTC,16.305330276489258,17.651309967041016,15.98915958404541,17.335140228271484,7188747
2023-06-26,GBTC,17.15447235107422,17.68744468688965,16.10569190979004,16.42276382446289,5642379
2023-06-27,GBTC,16.684734344482422,17.660343170166016,16.60343360900879,17.588075637817383,5123528
2023-06-28,GBTC,17.29900550842285,17.597108840942383,16.711833953857422,16.811201095581055,4743495
2023-06-29,GBTC,17.16350555419922,17.705509185791016,17.16350555419922,17.660343170166016,2824732
2023-06-30,GBTC,17.940378189086914,18.03071403503418,16.07949447631836,17.335140228271484,8164568
2023-07-03,GBTC,17.434507369995117,18.834688186645508,17.371274948120117,18.473350524902344,3535979
2023-07-05,GBTC,18.247516632080078,18.491418838500977,17.976512908935547,18.193315505981445,3773099
2023-07-06,GBTC,18.292682647705078,18.36495018005371,17.398374557495117,18.139114379882812,3097940
2023-07-07,GBTC,17.994579315185547,18.446250915527344,17.868112564086914,17.895212173461914,2810562
2023-07-10,GBTC,17.886178970336914,18.093948364257812,17.16350555419922,18.05781364440918,2988568
2023-07-11,GBTC,17.967479705810547,18.315265655517578,17.895212173461914,18.003612518310547,3243842
2023-07-12,GBTC,18.06684684753418,18.392051696777344,17.72357749938965,17.79584503173828,3836973
2023-07-13,GBTC,17.922313690185547,19.7651309967041,17.922313690185547,19.313459396362305,9484997
2023-07-14,GBTC,19.087623596191406,19.385726928710938,17.53387451171875,17.84101104736328,7041516
2023-07-17,GBTC,17.940378189086914,18.554651260375977,17.79584503173828,17.994579315185547,3726605
2023-07-18,GBTC,17.949413299560547,18.33785057067871,17.560976028442383,17.80487823486328,6534068
2023-07-19,GBTC,17.913278579711914,18.292682647705078,17.904245376586914,18.139114379882812,2428426
2023-07-20,GBTC,18.292682647705078,18.38301658630371,17.597108840942383,17.69647789001465,3428047
2023-07-21,GBTC,17.74164390563965,18.04878044128418,17.705509185791016,17.953929901123047,1721828
2023-07-24,GBTC,17.53387451171875,17.660343170166016,16.93766975402832,17.344173431396484,3529780
2023-07-25,GBTC,17.29900550842285,17.542909622192383,17.25383949279785,17.317073822021484,1802528
2023-07-26,GBTC,17.344173431396484,17.52484130859375,17.27190589904785,17.398374557495117,1389728
2023-07-27,GBTC,17.46160888671875,17.542909622192383,16.576332092285156,16.61246681213379,3064065
2023-07-28,GBTC,16.757001876831055,17.127370834350586,16.666667938232422,16.91508674621582,2400419
2023-07-31,GBTC,17.037036895751953,17.317073822021484,16.96476936340332,17.28093910217285,2073632
2023-08-01,GBTC,16.97380256652832,17.27190589904785,16.54742431640625,17.19963836669922,3051888
2023-08-02,GBTC,17.22673988342285,17.389341354370117,16.820234298706055,17.308040618896484,3028309
2023-08-03,GBTC,17.27190589904785,17.77777862548828,17.118337631225586,17.434507369995117,2651597
2023-08-04,GBTC,17.335140228271484,17.68744468688965,17.27190589904785,17.362239837646484,1651755
2023-08-07,GBTC,17.344173431396484,17.398374557495117,16.98283576965332,17.308040618896484,2605989
2023-08-08,GBTC,17.560976028442383,18.283649444580078,17.344173431396484,18.148147583007812,3758708
2023-08-09,GBTC,18.184282302856445,18.509485244750977,17.705509185791016,17.76874351501465,3473766
2023-08-10,GBTC,17.886178970336914,18.283649444580078,17.84101104736328,17.886178970336914,2449127
2023-08-11,GBTC,17.913278579711914,18.292682647705078,17.85004425048828,17.904245376586914,1988061
2023-08-14,GBTC,17.904245376586914,18.464317321777344,17.84101104736328,18.175247192382812,3008937
2023-08-15,GBTC,18.121047973632812,18.473350524902344,17.74164390563965,17.75971031188965,2772592
2023-08-16,GBTC,17.75067710876465,17.85004425048828,17.398374557495117,17.579042434692383,2990007
2023-08-17,GBTC,17.29900550842285,17.705509185791016,16.485998153686523,16.74164390563965,5046481
2023-08-18,GBTC,16.07046127319336,16.359529495239258,15.356820106506348,15.718156814575195,5125299
2023-08-21,GBTC,15.736224174499512,15.790425300598145,15.392953872680664,15.54652214050293,2636099
2023-08-22,GBTC,15.54652214050293,15.709123611450195,15.356820106506348,15.356820106506348,2045515
2023-08-23,GBTC,15.383920669555664,16.44083023071289,15.383920669555664,16.431798934936523,2752888
2023-08-24,GBTC,16.323396682739258,16.36856460571289,15.808490753173828,15.97109317779541,1598508
2023-08-25,GBTC,16.133695602416992,16.323396682739258,15.600723266601562,15.672989845275879,2012083
2023-08-28,GBTC,15.763323783874512,16.034326553344727,15.745257377624512,15.880759239196777,1316998
2023-08-29,GBTC,15.953025817871094,19.15989112854004,15.925926208496094,18.57271957397461,21647606
2023-08-30,GBTC,18.274616241455078,18.428184509277344,17.660343170166016,17.80487823486328,5856141
2023-08-31,GBTC,17.83197784423828,18.04878044128418,16.711833953857422,16.90153694152832,5328212
2023-09-01,GBTC,16.757001876831055,16.883468627929688,16.41373062133789,16.693767547607422,2525842
2023-09-05,GBTC,16.64859962463379,16.93766975402832,16.62150001525879,16.757001876831055,2022821
2023-09-06,GBTC,16.766033172607422,17.145437240600586,16.485998153686523,16.802167892456055,2343851
2023-09-07,GBTC,16.720867156982422,17.470640182495117,16.62150001525879,17.434507369995117,2293151
2023-09-08,GBTC,17.380306243896484,17.624210357666016,17.339656829833984,17.434507369995117,2464293
2023-09-11,GBTC,17.344173431396484,17.470640182495117,16.757001876831055,16.847335815429688,2329792
2023-09-12,GBTC,17.49774169921875,17.68744468688965,17.25383949279785,17.398374557495117,2664106
2023-09-13,GBTC,17.50677490234375,17.84101104736328,17.27190589904785,17.353206634521484,2030792
2023-09-14,GBTC,17.705509185791016,17.877145767211914,17.50677490234375,17.579042434692383,1892638
2023-09-15,GBTC,17.434507369995117,17.560976028442383,17.109304428100586,17.398374557495117,1080986
2023-09-18,GBTC,17.859079360961914,17.985546112060547,17.362239837646484,17.371274948120117,2977719
2023-09-19,GBTC,17.642276763916016,17.958446502685547,17.443540573120117,17.922313690185547,2357689
2023-09-20,GBTC,17.958446502685547,17.971996307373047,17.425474166870117,17.542909622192383,2050053
2023-09-21,GBTC,17.24480628967285,17.362239837646484,16.98283576965332,17.16350555419922,1771754
2023-09-22,GBTC,17.20867156982422,17.25383949279785,17.028003692626953,17.073171615600586,1023311
2023-09-25,GBTC,16.95573616027832,16.96025276184082,16.61246681213379,16.666667938232422,1725924
2023-09-26,GBTC,16.576332092285156,16.594398498535156,16.296295166015625,16.41373062133789,1757805
2023-09-27,GBTC,16.775068283081055,16.802167892456055,16.350496292114258,16.37759780883789,1692271
2023-09-28,GBTC,16.495031356811523,17.353206634521484,16.44083023071289,17.16350555419922,3096058
2023-09-29,GBTC,17.18157196044922,17.371274948120117,17.082204818725586,17.335140228271484,1532309
2023-10-02,GBTC,18.06684684753418,18.283649444580078,17.470640182495117,17.570009231567383,3183953
2023-10-03,GBTC,17.443540573120117,17.781391143798828,17.335140228271484,17.74164390563965,2255623
2023-10-04,GBTC,17.931346893310547,18.292682647705078,17.651309967041016,18.193315505981445,3115762
2023-10-05,GBTC,18.37398338317871,18.654020309448242,18.202348709106445,18.202348709106445,3347457
2023-10-06,GBTC,18.08491325378418,18.825654983520508,18.07588005065918,18.726287841796875,2165624
2023-10-09,GBTC,18.33785057067871,18.843721389770508,18.292682647705078,18.518518447875977,2073632
2023-10-10,GBTC,18.473350524902344,18.807588577270508,18.392051696777344,18.59078598022461,2618387
2023-10-11,GBTC,18.401084899902344,18.509485244750977,17.904245376586914,18.130081176757812,2500492
2023-10-12,GBTC,18.139114379882812,18.247516632080078,17.922313690185547,18.08491325378418,1761348
2023-10-13,GBTC,18.229448318481445,18.473350524902344,18.02619743347168,18.283649444580078,2448684
2023-10-16,GBTC,20.32520294189453,21.237579345703125,19.277326583862305,19.69286346435547,9483226
2023-10-17,GBTC,19.7380313873291,20.31616973876953,19.620595932006836,20.01806640625,3070154
2023-10-18,GBTC,20.108400344848633,20.397470474243164,19.797651290893555,20.060523986816406,3362845
2023-10-19,GBTC,20.063234329223633,20.740741729736328,19.882564544677734,20.28003692626953,4414827
2023-10-20,GBTC,20.776874542236328,21.526649475097656,20.740741729736328,21.35501480102539,6911222
2023-10-23,GBTC,21.93315315246582,22.339656829833984,21.607948303222656,22.317073822021484,8417185
2023-10-24,GBTC,24.173442840576172,24.43541145324707,23.08039665222168,23.63143539428711,10131596
2023-10-25,GBTC,23.91147232055664,24.7651309967041,23.667570114135742,24.200542449951172,5491495
2023-10-26,GBTC,23.88437271118164,23.938573837280273,22.908761978149414,23.279132843017578,5898317
2023-10-27,GBTC,23.36043357849121,23.848237991333008,22.448057174682617,22.646793365478516,4404532
2023-10-30,GBTC,23.215898513793945,24.363143920898438,23.215898513793945,23.92050552368164,5207439
2023-10-31,GBTC,23.938573837280273,24.236675262451172,23.60433578491211,24.173442840576172,3255576
2023-11-01,GBTC,24.390243530273438,24.634145736694336,24.12827491760254,24.290876388549805,3872950
2023-11-02,GBTC,24.7515811920166,24.878049850463867,24.281843185424805,24.54200553894043,4561283
2023-11-03,GBTC,24.40831184387207,25.140018463134766,23.983739852905273,24.43541145324707,3479080
2023-11-06,GBTC,24.68834686279297,24.932249069213867,24.299909591674805,24.345077514648438,3182736
2023-11-07,GBTC,24.16440773010254,25.51942253112793,24.010839462280273,25.383920669555664,4185456
2023-11-08,GBTC,25.2213191986084,25.2755184173584,24.557361602783203,25.112918853759766,4209368
2023-11-09,GBTC,26.44986343383789,27.145437240600586,25.763324737548828,26.278228759765625,8729359
2023-11-10,GBTC,26.513097763061523,27.127370834350586,26.42276382446289,27.07588005065918,5892229
2023-11-13,GBTC,27.00090217590332,27.046070098876953,26.196929931640625,26.251129150390625,3569079
2023-11-14,GBTC,26.214994430541992,26.829267501831055,24.66124725341797,24.7696475982666,6010124
2023-11-15,GBTC,25.29358673095703,26.90153694152832,25.29358673095703,26.883468627929688,5134709
2023-11-16,GBTC,26.784101486206055,26.856369018554688,25.790424346923828,26.183378219604492,5537325
2023-11-17,GBTC,26.314363479614258,26.42276382446289,25.59168815612793,26.187894821166992,3276941
2023-11-20,GBTC,26.37759780883789,27.22673988342285,26.242095947265625,26.910568237304688,4352060
2023-11-21,GBTC,26.594398498535156,27.091238021850586,26.278228759765625,26.37759780883789,4642758
2023-11-22,GBTC,26.341463088989258,27.542909622192383,26.287263870239258,27.50677490234375,3582806
2023-11-24,GBTC,27.443540573120117,28.437217712402344,27.434507369995117,28.193315505981445,3831216
2023-11-27,GBTC,27.416440963745117,27.68744468688965,26.991870880126953,27.19512176513672,4425343
2023-11-28,GBTC,27.53387451171875,28.59078598022461,27.416440963745117,28.464317321777344,4128114
2023-11-29,GBTC,28.491418838500977,28.545618057250977,28.003612518310547,28.019874572753906,4704086
2023-11-30,GBTC,27.75067710876465,27.90334129333496,27.109304428100586,27.321590423583984,3899186
2023-12-01,GBTC,27.77777862548828,28.681119918823242,27.71002769470215,28.663053512573242,5542970
2023-12-04,GBTC,30.153568267822266,30.487804412841797,29.078590393066406,30.384824752807617,7333322
2023-12-05,GBTC,30.53297233581543,32.592594146728516,30.442638397216797,31.707317352294922,9222860
2023-12-06,GBTC,32.00542068481445,32.728092193603516,31.481481552124023,31.544715881347656,6564399
2023-12-07,GBTC,31.373079299926758,31.680217742919922,30.29810333251953,30.627822875976562,7665754
2023-12-08,GBTC,31.029809951782227,32.08671951293945,30.984643936157227,32.07768630981445,4085605
2023-12-11,GBTC,30.28003692626953,30.487804412841797,28.843721389770508,29.322492599487305,8279142
2023-12-12,GBTC,29.7560977935791,30.34326934814453,29.638662338256836,30.189701080322266,4883531
2023-12-13,GBTC,30.2348690032959,32.17705535888672,30.171634674072266,32.14995574951172,6876905
2023-12-14,GBTC,31.806684494018555,31.91508674621582,31.091238021850586,31.526649475097656,5826695
2023-12-15,GBTC,31.029809951782227,31.07497787475586,30.072267532348633,30.803974151611328,4650728
2023-12-18,GBTC,30.171634674072266,31.214994430541992,30.162601470947266,31.201444625854492,5826695
2023-12-19,GBTC,31.553749084472656,31.743450164794922,31.165311813354492,31.557361602783203,4562611
2023-12-20,GBTC,32.52032470703125,33.02619552612305,32.21318817138672,32.366756439208984,5818171
2023-12-21,GBTC,32.737125396728516,32.88166046142578,32.366756439208984,32.78681182861328,3552142
2023-12-22,GBTC,32.610660552978516,33.477867126464844,32.592594146728516,33.34236526489258,4507483
2023-12-26,GBTC,32.700992584228516,32.77326202392578,31.66214942932129,32.20415496826172,5622674
2023-12-27,GBTC,32.592594146728516,33.01716232299805,32.574527740478516,32.74616241455078,7453652
2023-12-28,GBTC,32.14092254638672,32.71906280517578,31.40921401977539,31.445348739624023,9028249
2023-12-29,GBTC,31.61698341369629,32.339656829833984,30.668472290039062,31.273712158203125,7024026
2024-01-02,GBTC,33.658538818359375,33.92953872680664,33.08943176269531,33.28816604614258,10154068
2024-01-03,GBTC,31.327913284301758,32.402889251708984,31.300813674926758,32.11381912231445,6466098
2024-01-04,GBTC,32.646793365478516,33.87172317504883,32.375789642333984,33.64950180053711,7201256
2024-01-05,GBTC,33.432701110839844,33.685638427734375,32.52935791015625,33.571815490722656,5521937
2024-01-08,GBTC,34.20054244995117,35.4381217956543,32.88166046142578,35.230350494384766,12591018
2024-01-09,GBTC,35.230350494384766,36.03432846069336,35.081302642822266,35.230350494384766,10569968
2024-01-10,GBTC,34.5167121887207,37.03703689575195,33.92050552368164,36.58175277709961,17245842
2024-01-11,GBTC,38.16621398925781,39.29539489746094,36.260162353515625,36.75699996948242,62378454
2024-01-12,GBTC,36.48599624633789,36.558265686035156,34.119239807128906,34.850948333740234,52550065
2024-01-16,GBTC,34.18247604370117,34.714542388916016,33.45709228515625,34.6160774230957,29135797
2024-01-17,GBTC,34.019874572753906,34.41734313964844,33.803070068359375,34.27280807495117,40800699
2024-01-18,GBTC,34.101173400878906,34.37217712402344,32.56549072265625,32.78229522705078,32340562
2024-01-19,GBTC,32.92683029174805,33.87082290649414,32.339656829833984,33.432701110839844,41266082
2024-01-22,GBTC,32.646793365478516,32.80849075317383,31.64408302307129,32.357723236083984,33367305
2024-01-23,GBTC,31.183378219604492,31.865402221679688,30.993677139282227,31.508581161499023,24222046
2024-01-24,GBTC,32.17705535888672,32.357723236083984,31.815717697143555,31.860885620117188,19155528
2024-01-25,GBTC,32.17705535888672,32.285457611083984,31.829267501831055,32.01445388793945,15664382
2024-01-26,GBTC,33.14363098144531,34.065040588378906,33.11653137207031,33.88437271118164,19489399
2024-01-29,GBTC,33.83017349243164,34.932247161865234,33.708221435546875,34.787715911865234,16566919
2024-01-30,GBTC,34.9954833984375,35.27100372314453,34.859981536865234,35.112918853759766,11329259
2024-01-31,GBTC,34.42637634277344,35.29810333251953,34.25474166870117,34.31797790527344,14404505
2024-02-01,GBTC,34.18247604370117,34.896114349365234,34.146339416503906,34.69738006591797,8443200
2024-02-02,GBTC,34.46250915527344,35.045166015625,34.42637634277344,34.63414764404297,10870408
2024-02-05,GBTC,34.9412841796875,35.0045166015625,34.083106994628906,34.18247604370117,7073951
2024-02-06,GBTC,34.5889778137207,34.990966796875,34.5483283996582,34.75157928466797,7505239
2024-02-07,GBTC,34.769649505615234,35.70912551879883,34.5934944152832,35.61878967285156,9471603
2024-02-08,GBTC,36.37759780883789,36.80216979980469,36.196929931640625,36.74796676635742,10182740
2024-02-09,GBTC,37.89521026611328,38.92502212524414,37.75067901611328,38.373985290527344,13838496
2024-02-12,GBTC,38.84372329711914,40.67750549316406,38.84372329711914,40.5239372253418,11715160
2024-02-13,GBTC,39.4941291809082,39.936767578125,39.006324768066406,39.846431732177734,10034844
2024-02-14,GBTC,41.73441696166992,42.06865310668945,41.31797790527344,41.72538375854492,14888154
2024-02-15,GBTC,42.312557220458984,42.691959381103516,41.639564514160156,41.71635055541992,15054425
2024-02-16,GBTC,42.13188934326172,42.330623626708984,41.65311813354492,41.80668640136719,13996908
2024-02-20,GBTC,42.17705535888672,42.24028778076172,40.939476013183594,41.92411804199219,14786531
2024-02-21,GBTC,41.02077865600586,41.46341323852539,40.77687454223633,41.08401107788086,8304603
2024-02-22,GBTC,41.183380126953125,42.00542068481445,41.12917709350586,41.95122146606445,8318441
2024-02-23,GBTC,41.309844970703125,41.38211441040039,40.82204055786133,41.183380126953125,7738594
2024-02-26,GBTC,41.43631362915039,44.31797790527344,41.42637634277344,43.92953872680664,19249070
2024-02-27,GBTC,45.916893005371094,46.476966857910156,45.35681915283203,45.934959411621094,17428829
2024-02-28,GBTC,48.54561996459961,51.89701843261719,47.606143951416016,48.62691879272461,37966226
2024-02-29,GBTC,51.06594467163086,51.318878173828125,48.664859771728516,50.0,27405556
2024-03-01,GBTC,50.34326934814453,51.03432846069336,49.33152770996094,50.84010696411133,25945202
2024-03-04,GBTC,52.80036163330078,54.832881927490234,52.74616241455078,54.5438117980957,33299667
2024-03-05,GBTC,54.5709114074707,55.998191833496094,48.19331359863281,49.891597747802734,59204906
2024-03-06,GBTC,53.87533950805664,54.5167121887207,52.664859771728516,54.019874572753906,21232924
2024-03-07,GBTC,54.35411071777344,54.9774169921875,53.748870849609375,54.6070442199707,27414634
2024-03-08,GBTC,54.9503173828125,56.76603317260742,53.360435485839844,55.916893005371094,30693457
2024-03-11,GBTC,58.33784866333008,58.798553466796875,57.54290771484375,58.10298156738281,31736362
2024-03-12,GBTC,58.30171585083008,59.024391174316406,55.34778594970703,57.51580810546875,31681897
2024-03-13,GBTC,58.61788558959961,59.26829147338867,57.79584503173828,59.24119186401367,21807014
2024-03-14,GBTC,58.56368637084961,58.62691879272461,55.085819244384766,55.82655715942383,35158763
2024-03-15,GBTC,54.5799446105957,56.92863464355469,54.29087448120117,55.64588928222656,23878211
2024-03-18,GBTC,54.73351287841797,55.22583770751953,53.57723617553711,53.821136474609375,19745891
2024-03-19,GBTC,51.318878173828125,52.99006271362305,50.126468658447266,51.86088562011719,28688459
2024-03-20,GBTC,51.05691146850586,53.20686340332031,50.0,53.07136535644531,24181751
2024-03-21,GBTC,54.48870849609375,54.4986457824707,52.24932098388672,52.49322509765625,21827937
2024-03-22,GBTC,51.69828414916992,51.82475280761719,50.4426383972168,51.47244644165039,12852270
2024-03-25,GBTC,53.94760513305664,57.317073822021484,53.94760513305664,57.21770477294922,27261203
2024-03-26,GBTC,57.05510330200195,57.18157196044922,55.81752395629883,55.943992614746094,13888311
2024-03-27,GBTC,57.678409576416016,57.82294464111328,55.067752838134766,55.27552032470703,17876832
2024-03-28,GBTC,57.25383758544922,57.82294464111328,56.79313659667969,57.06413650512695,13182156
2024-04-01,GBTC,56.44083023071289,56.522132873535156,54.841915130615234,56.16982650756836,14359783
2024-04-02,GBTC,52.26738739013672,53.401084899902344,51.96025466918945,53.02619552612305,11550438
2024-04-03,GBTC,52.92683029174805,53.90243911743164,52.75519561767578,52.97199630737305,9063784
2024-04-04,GBTC,54.16440963745117,55.862693786621094,54.037940979003906,55.140018463134766,15228335
2024-04-05,GBTC,53.88437271118164,55.230350494384766,53.794036865234375,54.19150924682617,10230341
2024-04-08,GBTC,58.08491516113281,58.13008117675781,57.312557220458984,57.77777862548828,12028219
2024-04-09,GBTC,56.84733581542969,57.13640594482422,54.905147552490234,55.5103874206543,12200801
2024-04-10,GBTC,54.44444274902344,56.43179702758789,54.28184127807617,56.43179702758789,11161328
2024-04-11,GBTC,56.96477127075195,57.07316970825195,55.953025817871094,56.72086715698242,11421694
2024-04-12,GBTC,56.44986343383789,56.585365295410156,52.42999267578125,53.794036865234375,21847752
2024-04-15,GBTC,53.27009963989258,53.55013656616211,50.144535064697266,50.930442810058594,15238519
2024-04-16,GBTC,50.867210388183594,50.993675231933594,49.63866424560547,50.4787712097168,10474877
2024-04-17,GBTC,50.212284088134766,50.69557571411133,47.97651290893555,49.060523986816406,15576597
2024-04-18,GBTC,50.29810333251953,51.66215133666992,49.792232513427734,51.11111068725586,10965167
2024-04-19,GBTC,52.08671951293945,52.41644287109375,51.14724349975586,51.77054977416992,9666767
2024-04-22,GBTC,53.17073059082031,53.821136474609375,52.85456085205078,53.53207015991211,8314234
2024-04-23,GBTC,53.24300003051758,54.046974182128906,53.17976379394531,53.486900329589844,4191213
2024-04-24,GBTC,53.08943176269531,53.360435485839844,51.228546142578125,51.40018081665039,10109013
2024-04-25,GBTC,50.80397415161133,52.22222137451172,50.549232482910156,52.03252029418945,9234483
2024-04-26,GBTC,51.246612548828125,52.10478973388672,50.894309997558594,51.255645751953125,7379926
2024-04-29,GBTC,50.27100372314453,50.83107376098633,49.61156463623047,50.64137268066406,5107809
2024-04-30,GBTC,49.17795944213867,49.43089294433594,47.362239837646484,47.43450927734375,13271602
2024-05-01,GBTC,46.35953140258789,47.75067901611328,45.4742546081543,45.74525833129883,15089628
2024-05-02,GBTC,47.21770477294922,47.94941329956055,46.82023620605469,47.75067901611328,6420157
2024-05-03,GBTC,49.26829147338867,50.099369049072266,49.23215866088867,49.972900390625,6955392
2024-05-06,GBTC,51.10207748413086,51.66215133666992,50.4245719909668,50.80397415161133,7586935
2024-05-07,GBTC,51.12014389038086,51.74345016479492,50.4878044128418,50.68653869628906,5789942
2024-05-08,GBTC,49.828365325927734,50.5149040222168,49.64769744873047,49.954833984375,4612980
2024-05-09,GBTC,49.29539489746094,50.4245719909668,48.90695571899414,50.198734283447266,7212769
2024-05-10,GBTC,50.4697380065918,50.74977493286133,48.34688186645508,48.771453857421875,8681315
2024-05-13,GBTC,50.5058708190918,51.02981185913086,50.28907012939453,50.75880813598633,3258565
2024-05-14,GBTC,49.810298919677734,50.063232421875,49.096656799316406,49.4850959777832,4138077
2024-05-15,GBTC,51.66215133666992,53.477867126464844,51.41824722290039,53.13459777832031,9112271
2024-05-16,GBTC,53.09846496582031,53.441734313964844,51.92411804199219,52.411922454833984,4464199
2024-05-17,GBTC,53.35139846801758,54.31797790527344,52.93586349487305,53.95663833618164,6102559
2024-05-20,GBTC,53.87533950805664,56.44986343383789,53.658538818359375,56.36856460571289,8031728
2024-05-21,GBTC,57.00993728637695,57.317073822021484,55.56459045410156,55.64588928222656,7196164
2024-05-22,GBTC,56.05239486694336,56.83830261230469,55.61878967285156,55.962059020996094,4537814
2024-05-23,GBTC,55.69105529785156,55.74525833129883,53.57723617553711,53.92953872680664,5287475
2024-05-24,GBTC,54.17344284057617,55.78139114379883,53.775970458984375,55.58265686035156,4976629
2024-05-28,GBTC,54.9503173828125,55.067752838134766,53.97470474243164,54.905147552490234,6774397
2024-05-29,GBTC,54.44444274902344,54.5889778137207,53.87533950805664,53.93857192993164,4738181
2024-05-30,GBTC,54.787715911865234,55.916893005371094,54.63414764404297,55.140018463134766,6186580
2024-05-31,GBTC,55.140018463134766,55.230350494384766,53.441734313964844,54.28184127807617,6199532
2024-06-03,GBTC,56.00722885131836,56.513099670410156,55.212284088134766,55.56459045410156,3557123
2024-06-04,GBTC,55.79945755004883,57.14363098144531,55.60072326660156,56.567298889160156,6522001
2024-06-05,GBTC,57.11833953857422,57.723575592041016,56.495033264160156,57.22673797607422,5357327
2024-06-06,GBTC,57.13640594482422,57.57000732421875,56.522132873535156,56.576332092285156,4107745
2024-06-07,GBTC,57.326107025146484,57.56097412109375,54.805782318115234,55.53749084472656,7660994
2024-06-10,GBTC,55.59169006347656,56.35049819946289,55.5103874206543,55.76332473754883,2970745
2024-06-11,GBTC,53.92953872680664,54.26377487182617,52.98102951049805,54.092140197753906,6086840
2024-06-12,GBTC,55.60072326660156,56.26829147338867,53.95663833618164,54.15537643432617,8219475
2024-06-13,GBTC,54.59801483154297,54.823848724365234,53.09846496582031,53.423667907714844,5176221
2024-06-14,GBTC,54.028907775878906,54.065040588378906,52.15898895263672,52.55645751953125,5596660
2024-06-17,GBTC,52.673892974853516,53.983741760253906,52.17976379394531,53.486900329589844,3748081
2024-06-18,GBTC,52.02348709106445,52.44354248046875,51.33694839477539,51.65311813354492,5416883
2024-06-20,GBTC,52.42095947265625,52.540199279785156,51.744354248046875,52.14995574951172,3824353
2024-06-21,GBTC,51.002708435058594,51.644081115722656,50.80397415161133,51.526649475097656,3406903
2024-06-24,GBTC,49.105690002441406,49.4760627746582,47.289974212646484,47.52484130859375,9340202
2024-06-25,GBTC,49.15085983276367,50.072265625,48.90695571899414,49.70189666748047,6869710
2024-06-26,GBTC,49.37669372558594,49.74254608154297,48.681121826171875,48.89792251586914,2671080
2024-06-27,GBTC,49.38572692871094,50.05419921875,49.20505905151367,49.25022506713867,2026806
2024-06-28,GBTC,49.25925827026367,49.5889778137207,48.03071212768555,48.09394836425781,4273352
2024-07-01,GBTC,50.4697380065918,51.219512939453125,50.090335845947266,50.66847229003906,3405575
2024-07-02,GBTC,50.4065055847168,50.63233947753906,49.4850959777832,49.5844612121582,3710111
2024-07-03,GBTC,48.32881546020508,48.681121826171875,48.01264572143555,48.473350524902344,1930055
2024-07-05,GBTC,44.53839111328125,45.76332473754883,44.40830993652344,45.30261993408203,8666150
2024-07-08,GBTC,45.87172317504883,46.00722885131836,44.078590393066406,45.24842071533203,7542766
2024-07-09,GBTC,45.862693786621094,46.74796676635742,45.63685607910156,46.38663101196289,3756494
2024-07-10,GBTC,46.46792984008789,46.540199279785156,45.953025817871094,45.998191833496094,3862766
2024-07-11,GBTC,47.18157196044922,47.28093719482422,45.82655715942383,45.980125427246094,3999259
2024-07-12,GBTC,46.12466049194336,46.96477127075195,46.09756088256836,46.196929931640625,3214728
2024-07-15,GBTC,50.36133575439453,51.282745361328125,50.090335845947266,50.84914016723633,5382123
2024-07-16,GBTC,51.246612548828125,52.330623626708984,50.589881896972656,52.25835418701172,3934610
2024-07-17,GBTC,51.91508483886719,52.44805908203125,51.192413330078125,51.78861618041992,3654650
2024-07-18,GBTC,52.00542068481445,52.09575271606445,50.68653869628906,50.948509216308594,3249266
2024-07-19,GBTC,51.40921401977539,54.15537643432617,51.35501480102539,53.91147232055664,7433616
2024-07-22,GBTC,54.20054244995117,54.75157928466797,53.36494827270508,54.70641326904297,3688524
2024-07-23,GBTC,53.360435485839844,54.001808166503906,52.42999267578125,52.48419189453125,7246865
2024-07-24,GBTC,53.423667907714844,53.812103271484375,52.52032470703125,52.601627349853516,4543792
2024-07-25,GBTC,51.47244644165039,52.21318817138672,50.78590774536133,51.81571960449219,4431764
2024-07-26,GBTC,54.028907775878906,54.65221405029297,53.61336898803711,54.4986457824707,4969987
2024-07-29,GBTC,55.81752395629883,55.862693786621094,53.19783020019531,53.91147232055664,7812653
2024-07-30,GBTC,53.220001220703125,53.41999816894531,52.27000045776367,52.599998474121094,4151700
2024-07-31,GBTC,53.04999923706055,53.340999603271484,51.810001373291016,52.06999969482422,3050000
2024-08-01,GBTC,51.560001373291016,51.77000045776367,49.650001525878906,50.529998779296875,6888900
2024-08-02,GBTC,51.72999954223633,52.279998779296875,49.72999954223633,49.869998931884766,6189200
2024-08-05,GBTC,39.65999984741211,44.33000183105469,39.560001373291016,42.619998931884766,16302700
2024-08-06,GBTC,44.040000915527344,45.540000915527344,43.43000030517578,45.31999969482422,5892800
2024-08-07,GBTC,45.66999816894531,45.900001525878906,43.59000015258789,43.66999816894531,6128500
2024-08-08,GBTC,46.130001068115234,47.790000915527344,45.2400016784668,47.43000030517578,5556500
2024-08-09,GBTC,48.20000076293945,48.7599983215332,47.47999954223633,48.40999984741211,5503100
2024-08-12,GBTC,47.5099983215332,48.439998626708984,46.11000061035156,47.099998474121094,4964300
2024-08-13,GBTC,47.040000915527344,49.15999984741211,46.970001220703125,48.5,3714300
2024-08-14,GBTC,48.54999923706055,48.63999938964844,46.790000915527344,46.9900016784668,5539700
2024-08-15,GBTC,47.18000030517578,47.75,45.209999084472656,45.5,6799100
2024-08-16,GBTC,46.7400016784668,47.775001525878906,45.9900016784668,47.630001068115234,3963600
2024-08-19,GBTC,46.88999938964844,47.310001373291016,46.33000183105469,47.02000045776367,1848400
2024-08-20,GBTC,48.29999923706055,48.65999984741211,46.68000030517578,47.4900016784668,4563800
2024-08-21,GBTC,47.380001068115234,49.18000030517578,46.939998626708984,49.119998931884766,3893900
2024-08-22,GBTC,48.5,48.599998474121094,47.90999984741211,48.060001373291016,2281100
2024-08-23,GBTC,48.72999954223633,50.97999954223633,48.5,50.790000915527344,6444500
2024-08-26,GBTC,50.88999938964844,50.974998474121094,50.279998779296875,50.5,2794100
2024-08-27,GBTC,49.779998779296875,49.810001373291016,48.97999954223633,49.5099983215332,2504800
2024-08-28,GBTC,47.7400016784668,47.86000061035156,46.11000061035156,46.939998626708984,2658900
2024-08-29,GBTC,48.0099983215332,48.77000045776367,46.939998626708984,47.209999084472656,2912500
2024-08-30,GBTC,47.45000076293945,47.70000076293945,46.0,46.75,3175600
2024-09-03,GBTC,47.09000015258789,47.130001068115234,45.84000015258789,46.20000076293945,4195800
2024-09-04,GBTC,44.9900016784668,46.64500045776367,44.720001220703125,46.25,4725000
2024-09-05,GBTC,45.165000915527344,45.630001068115234,44.43000030517578,44.65999984741211,3614700
2024-09-06,GBTC,45.220001220703125,45.34000015258789,42.369998931884766,42.599998474121094,7082900
2024-09-09,GBTC,44.119998931884766,45.599998474121094,43.64500045776367,45.5099983215332,4151800
2024-09-10,GBTC,45.34000015258789,46.2599983215332,45.025001525878906,46.189998626708984,1827800
2024-09-11,GBTC,45.27000045776367,46.220001220703125,44.2400016784668,45.900001525878906,3012500
2024-09-12,GBTC,46.0,46.68000030517578,45.66999816894531,46.529998779296875,2354200
2024-09-13,GBTC,46.0,47.88999938964844,45.970001220703125,47.63999938964844,3863500
2024-09-16,GBTC,46.619998931884766,46.65999984741211,45.790000915527344,46.13999938964844,2926900
2024-09-17,GBTC,47.189998626708984,48.91999816894531,46.90999984741211,47.77000045776367,4779900
2024-09-18,GBTC,47.709999084472656,48.869998931884766,47.119998931884766,47.790000915527344,4158800
2024-09-19,GBTC,50.40999984741211,50.90999984741211,49.915000915527344,50.380001068115234,2655100
2024-09-20,GBTC,50.130001068115234,50.61000061035156,49.689998626708984,50.029998779296875,1700100
2024-09-23,GBTC,50.439998626708984,50.849998474121094,50.22999954223633,50.40999984741211,1610800
2024-09-24,GBTC,50.52000045776367,51.29999923706055,49.95000076293945,51.22999954223633,1970500
2024-09-25,GBTC,50.59000015258789,50.9900016784668,50.13999938964844,50.29999923706055,1667700
2024-09-26,GBTC,51.290000915527344,52.47999954223633,51.099998474121094,51.540000915527344,3321200
2024-09-27,GBTC,52.310001373291016,53.040000915527344,52.08000183105469,52.310001373291016,3688400
2024-09-30,GBTC,50.970001220703125,51.04399871826172,50.18000030517578,50.5,2099800
2024-10-01,GBTC,50.470001220703125,50.529998779296875,48.56999969482422,49.119998931884766,4192600
2024-10-02,GBTC,48.439998626708984,49.65999984741211,47.7599983215332,47.91999816894531,3649500
2024-10-03,GBTC,48.16999816894531,48.595001220703125,47.66999816894531,48.58000183105469,3808600
2024-10-04,GBTC,48.970001220703125,49.77000045776367,48.38999938964844,49.68000030517578,2155200
2024-10-07,GBTC,50.220001220703125,51.349998474121094,49.95000076293945,50.439998626708984,2074900
2024-10-08,GBTC,49.810001373291016,50.310001373291016,49.189998626708984,49.52000045776367,2464900
2024-10-09,GBTC,49.2599983215332,49.63999938964844,48.349998474121094,48.52000045776367,1567400
2024-10-10,GBTC,48.61000061035156,48.61000061035156,46.82500076293945,47.4900016784668,2189000
2024-10-11,GBTC,48.86000061035156,50.540000915527344,48.856998443603516,50.27000045776367,3680700
2024-10-14,GBTC,51.540000915527344,52.84000015258789,51.474998474121094,52.47999954223633,4026700
2024-10-15,GBTC,52.439998626708984,54.150001525878906,51.57500076293945,53.29999923706055,4160500
2024-10-16,GBTC,54.0,54.380001068115234,53.41999816894531,53.880001068115234,2113900
2024-10-17,GBTC,53.29999923706055,53.880001068115234,53.040000915527344,53.15999984741211,6548700
2024-10-18,GBTC,54.0,54.97999954223633,53.90999984741211,54.599998474121094,3412900
2024-10-21,GBTC,54.029998779296875,54.040000915527344,53.130001068115234,53.88999938964844,3100200
2024-10-22,GBTC,53.369998931884766,53.849998474121094,52.959999084472656,53.63999938964844,2316600
2024-10-23,GBTC,52.900001525878906,53.189998626708984,51.834999084472656,52.83000183105469,2529800
2024-10-24,GBTC,53.720001220703125,54.34000015258789,53.5099983215332,54.31999969482422,1619600
2024-10-25,GBTC,54.099998474121094,54.72999954223633,52.369998931884766,53.09000015258789,3930400
2024-10-28,GBTC,54.810001373291016,55.630001068115234,54.40999984741211,55.380001068115234,3854300
2024-10-29,GBTC,56.619998931884766,58.599998474121094,56.400001525878906,57.66999816894531,6785900
2024-10-30,GBTC,57.09000015258789,57.650001525878906,56.790000915527344,57.08000183105469,2144900
2024-10-31,GBTC,57.25,57.27000045776367,55.540000915527344,55.61000061035156,4052300
2024-11-01,GBTC,55.79999923706055,56.970001220703125,54.654998779296875,55.0099983215332,3813800
2024-11-04,GBTC,54.52000045776367,54.66999816894531,53.369998931884766,53.4900016784668,2243400
2024-11-05,GBTC,55.08000183105469,56.060001373291016,54.63999938964844,55.16999816894531,3396800
2024-11-06,GBTC,59.04999923706055,60.90999984741211,58.459999084472656,60.599998474121094,7523500
2024-11-07,GBTC,59.599998474121094,61.21500015258789,59.29499816894531,60.880001068115234,3196300
2024-11-08,GBTC,60.66999816894531,61.560001373291016,60.20000076293945,61.04999923706055,2835200
2024-11-11,GBTC,65.08000183105469,69.68000030517578,64.94000244140625,69.22000122070312,10665800
2024-11-12,GBTC,68.4800033569336,71.58000183105469,67.77999877929688,71.2300033569336,6299900
2024-11-13,GBTC,71.52999877929688,74.36000061035156,71.04000091552734,71.30999755859375,9413300
2024-11-14,GBTC,72.58999633789062,73.01000213623047,69.44999694824219,69.5,5187700
2024-11-15,GBTC,71.0,72.83499908447266,69.76000213623047,72.80999755859375,3609100
2024-11-18,GBTC,71.87999725341797,73.70999908447266,71.29000091552734,72.7699966430664,4871200
2024-11-19,GBTC,72.81999969482422,74.87000274658203,72.4800033569336,73.58000183105469,4303900
2024-11-20,GBTC,75.05000305175781,75.55000305175781,74.05999755859375,74.98999786376953,5045800
2024-11-21,GBTC,77.37000274658203,78.80999755859375,75.95999908447266,78.05000305175781,6899300
2024-11-22,GBTC,77.66000366210938,79.33999633789062,77.22000122070312,78.87000274658203,5734900
2024-11-25,GBTC,77.3499984741211,77.447998046875,74.94999694824219,75.41999816894531,5418900
2024-11-26,GBTC,73.19999694824219,75.33999633789062,71.94000244140625,72.16999816894531,5434600
2024-11-27,GBTC,75.1500015258789,77.41000366210938,74.9000015258789,76.81999969482422,3933900
2024-11-29,GBTC,77.37000274658203,78.62000274658203,77.08999633789062,77.08999633789062,2967100
2024-12-02,GBTC,76.20999908447266,77.47000122070312,74.95999908447266,76.02999877929688,3052200
2024-12-03,GBTC,74.81999969482422,76.61000061035156,74.33000183105469,75.94999694824219,2141500
2024-12-04,GBTC,76.0999984741211,78.94000244140625,75.16999816894531,78.69000244140625,5012200
2024-12-05,GBTC,81.69999694824219,82.44000244140625,77.72000122070312,78.69000244140625,7263200
2024-12-06,GBTC,78.94000244140625,81.12999725341797,78.37000274658203,80.69999694824219,3993600
2024-12-09,GBTC,78.66999816894531,79.81999969482422,76.2300033569336,76.33000183105469,4216600
2024-12-10,GBTC,77.83999633789062,78.0999984741211,74.80999755859375,76.55999755859375,4312700
2024-12-11,GBTC,78.30999755859375,80.87000274658203,78.19000244140625,80.51000213623047,4241800
2024-12-12,GBTC,80.52999877929688,81.5,78.81999969482422,79.41000366210938,3398700
2024-12-13,GBTC,79.75,81.04000091552734,79.20999908447266,80.7699966430664,2857300
2024-12-16,GBTC,82.8499984741211,85.70999908447266,82.77999877929688,84.0199966430664,5642700
2024-12-17,GBTC,85.4800033569336,86.11000061035156,83.92500305175781,84.70999908447266,4491800
2024-12-18,GBTC,83.12000274658203,83.33999633789062,79.31999969482422,79.80999755859375,5073100
2024-12-19,GBTC,81.25,81.5999984741211,75.76000213623047,76.31999969482422,4570500
2024-12-20,GBTC,75.43000030517578,77.62000274658203,75.26000213623047,76.47000122070312,4054500
2024-12-23,GBTC,75.69000244140625,75.80999755859375,73.2300033569336,73.70999908447266,4284000
2024-12-24,GBTC,76.79000091552734,78.6500015258789,76.54000091552734,78.44999694824219,1721200
2024-12-26,GBTC,75.91999816894531,76.625,75.41999816894531,75.76000213623047,2332100
2024-12-27,GBTC,76.33000183105469,76.44000244140625,73.94999694824219,74.87999725341797,4074800
2024-12-30,GBTC,73.66000366210938,75.19999694824219,72.29000091552734,74.6500015258789,3935100
2024-12-31,GBTC,75.91999816894531,76.30000305175781,73.80000305175781,74.0199966430664,2274700
2025-01-02,GBTC,76.44000244140625,77.66000366210938,76.08999633789062,77.20999908447266,3269700
2025-01-03,GBTC,77.05999755859375,78.6500015258789,76.6500015258789,78.0199966430664,2159300
2025-01-06,GBTC,78.51000213623047,81.44000244140625,78.43000030517578,81.04000091552734,3665400
2025-01-07,GBTC,79.9000015258789,79.98500061035156,76.1449966430664,76.44999694824219,3879500
2025-01-08,GBTC,75.63999938964844,76.1500015258789,73.25,74.4800033569336,2670300
2025-01-10,GBTC,74.8499984741211,76.02999877929688,73.11000061035156,75.08000183105469,3932400
2025-01-13,GBTC,72.04000091552734,74.33999633789062,70.69999694824219,74.16000366210938,3120400
2025-01-14,GBTC,76.69999694824219,77.11000061035156,75.58000183105469,76.47000122070312,2057000
2025-01-15,GBTC,78.27999877929688,79.91000366210938,78.20999908447266,78.97000122070312,2764100
2025-01-16,GBTC,78.7300033569336,79.79000091552734,77.0999984741211,79.55999755859375,2910100
2025-01-17,GBTC,81.48999786376953,84.0999984741211,81.21499633789062,83.05000305175781,3808000
2025-01-21,GBTC,83.33999633789062,85.05999755859375,81.4000015258789,84.12000274658203,3657000
2025-01-22,GBTC,82.94999694824219,83.33999633789062,81.83999633789062,82.69999694824219,2374000
2025-01-23,GBTC,81.12000274658203,84.70999908447266,81.05000305175781,81.9000015258789,9173200
2025-01-24,GBTC,83.43000030517578,85.0199966430664,82.97000122070312,83.16999816894531,2570000
2025-01-27,GBTC,79.86000061035156,81.06999969482422,78.20999908447266,80.25,3381600
2025-01-28,GBTC,81.23999786376953,82.23999786376953,80.16000366210938,80.16999816894531,1991000
2025-01-29,GBTC,80.9000015258789,83.08999633789062,80.31999969482422,82.58000183105469,2171700
2025-01-30,GBTC,83.16000366210938,84.44999694824219,83.0250015258789,83.18000030517578,2022600
2025-01-31,GBTC,82.94999694824219,84.08999633789062,80.37000274658203,80.41000366210938,2872400
2025-02-03,GBTC,75.16000366210938,80.92500305175781,74.81999969482422,80.16999816894531,5103300
2025-02-04,GBTC,78.6500015258789,79.93499755859375,77.61000061035156,78.19000244140625,2841800
2025-02-05,GBTC,78.25,78.62000274658203,76.43000030517578,77.08000183105469,1989000
2025-02-06,GBTC,77.91999816894531,78.41500091552734,75.77999877929688,76.77999877929688,2791900
2025-02-07,GBTC,79.0,79.43000030517578,75.7300033569336,75.8499984741211,2830000
2025-02-10,GBTC,77.4000015258789,77.6500015258789,76.69999694824219,77.08999633789062,1217800
2025-02-11,GBTC,76.7300033569336,77.08000183105469,75.04000091552734,75.4000015258789,1225700
2025-02-12,GBTC,74.93000030517578,77.3499984741211,74.80000305175781,76.80000305175781,1987900
2025-02-13,GBTC,75.97000122070312,76.37999725341797,75.3550033569336,76.22000122070312,1434000
2025-02-14,GBTC,76.47000122070312,78.44000244140625,76.2300033569336,77.01000213623047,2448100
2025-02-18,GBTC,76.38999938964844,76.48500061035156,73.81999969482422,74.4800033569336,1819000
2025-02-19,GBTC,76.27999877929688,76.56600189208984,75.51499938964844,76.08000183105469,1744700
2025-02-20,GBTC,77.41000366210938,78.22000122070312,76.59500122070312,78.01000213623047,1790300
2025-02-21,GBTC,78.4800033569336,78.70999908447266,74.9000015258789,75.05999755859375,3346100
2025-02-24,GBTC,75.51000213623047,75.8499984741211,74.08000183105469,74.33999633789062,2079100
2025-02-25,GBTC,70.52999877929688,70.55000305175781,67.78299713134766,69.62000274658203,6101400
2025-02-26,GBTC,67.86000061035156,69.88999938964844,64.97000122070312,66.70999908447266,5418200
2025-02-27,GBTC,68.26000213623047,68.30999755859375,65.30000305175781,65.94999694824219,2750400
2025-02-28,GBTC,64.75,67.37899780273438,64.12000274658203,66.61000061035156,3901800
2025-03-03,GBTC,73.72000122070312,73.79000091552734,67.33499908447266,68.02999877929688,4255700
2025-03-04,GBTC,65.44999694824219,70.29000091552734,64.41000366210938,68.73999786376953,2764800
2025-03-05,GBTC,70.98999786376953,71.63999938964844,69.26000213623047,71.55999755859375,2133500
2025-03-06,GBTC,71.11000061035156,72.34400177001953,69.43000030517578,70.44000244140625,2159000
2025-03-07,GBTC,70.47000122070312,72.08000183105469,68.41999816894531,68.79000091552734,3038600
2025-03-10,GBTC,65.36000061035156,65.55000305175781,61.15999984741211,62.43000030517578,4065800
2025-03-11,GBTC,64.37999725341797,66.12000274658203,62.48500061035156,65.69999694824219,2775100
2025-03-12,GBTC,65.83999633789062,66.26000213623047,63.70000076293945,65.56999969482422,1938800
2025-03-13,GBTC,65.55999755859375,65.7300033569336,63.14899826049805,63.380001068115234,1417400
2025-03-14,GBTC,65.94999694824219,67.51000213623047,65.36499786376953,66.94999694824219,1980900
2025-03-17,GBTC,65.52999877929688,67.02999877929688,65.19000244140625,66.80999755859375,1374600
2025-03-18,GBTC,65.0999984741211,65.22000122070312,64.11000061035156,65.08000183105469,1486900
2025-03-19,GBTC,66.37999725341797,68.01000213623047,66.0999984741211,67.58999633789062,1519200
2025-03-20,GBTC,67.29000091552734,68.41000366210938,66.08999633789062,66.5,1251900
2025-03-21,GBTC,66.12999725341797,66.7300033569336,65.70999908447266,66.31999969482422,916800
2025-03-24,GBTC,69.0,70.20999908447266,68.95999908447266,69.7699966430664,1593700
2025-03-25,GBTC,69.30999755859375,69.86000061035156,68.8499984741211,69.72000122070312,838000
2025-03-26,GBTC,69.18000030517578,69.52999877929688,67.83499908447266,68.41000366210938,1129600
2025-03-27,GBTC,68.23999786376953,69.22000122070312,67.83000183105469,68.80000305175781,1117500
2025-03-28,GBTC,67.4000015258789,67.62000274658203,65.98999786376953,66.18000030517578,1544800
2025-03-31,GBTC,65.20999908447266,66.30000305175781,64.48999786376953,65.16999816894531,1425000
2025-04-01,GBTC,66.12999725341797,67.62000274658203,65.16000366210938,67.16000366210938,1299000
2025-04-02,GBTC,66.87999725341797,69.06999969482422,66.7699966430664,68.69999694824219,1719500
2025-04-03,GBTC,64.73999786376953,65.37999725341797,64.11000061035156,64.76000213623047,2779400
2025-04-04,GBTC,65.27999877929688,66.87000274658203,64.58000183105469,66.31999969482422,4094800
2025-04-07,GBTC,60.68000030517578,64.16000366210938,59.790000915527344,61.59000015258789,7545500
2025-04-08,GBTC,63.29999923706055,63.45000076293945,60.18000030517578,60.61000061035156,2765400
2025-04-09,GBTC,60.54999923706055,65.55999755859375,60.52000045776367,65.04000091552734,5654500
2025-04-10,GBTC,64.51000213623047,64.61000061035156,61.869998931884766,62.81999969482422,3040600
2025-04-11,GBTC,64.87000274658203,66.52999877929688,64.19999694824219,66.2699966430664,2072500
2025-04-14,GBTC,67.08000183105469,67.80999755859375,66.12999725341797,67.12000274658203,1438100
2025-04-15,GBTC,67.83000183105469,68.3499984741211,66.26000213623047,66.37999725341797,1140900
2025-04-16,GBTC,66.11000061035156,67.55999755859375,65.79000091552734,66.62000274658203,1535000
2025-04-17,GBTC,66.86000061035156,67.55999755859375,66.1500015258789,67.08999633789062,1068200
2025-04-21,GBTC,68.88999938964844,70.0199966430664,68.25,69.05999755859375,2550200
2025-04-22,GBTC,70.81999969482422,72.55000305175781,70.6500015258789,72.29000091552734,3514900
2025-04-23,GBTC,74.29000091552734,74.80000305175781,72.5999984741211,73.83999633789062,2387400
2025-04-24,GBTC,73.23999786376953,74.0,73.125,73.91999816894531,1388000
2025-04-25,GBTC,74.44999694824219,75.75,74.26000213623047,75.33999633789062,1931200
2025-04-28,GBTC,75.11499786376953,75.20999908447266,73.75499725341797,74.80999755859375,2181900
2025-04-29,GBTC,74.90499877929688,75.4000015258789,74.63999938964844,75.25,830300
2025-04-30,GBTC,74.58000183105469,74.62000274658203,73.2699966430664,74.2699966430664,1770500
2025-05-01,GBTC,76.30999755859375,77.0199966430664,75.68000030517578,76.22000122070312,1583400
2025-05-02,GBTC,76.58999633789062,77.33000183105469,76.33999633789062,76.55000305175781,1204100
2025-05-05,GBTC,74.36000061035156,74.9000015258789,73.8550033569336,74.41999816894531,1082400
2025-05-06,GBTC,73.93000030517578,75.08999633789062,73.62000274658203,74.93000030517578,1103500
2025-05-07,GBTC,76.38999938964844,76.95999908447266,75.58999633789062,75.9000015258789,1053400
2025-05-08,GBTC,78.45999908447266,80.25,78.19000244140625,79.9800033569336,1969500
2025-05-09,GBTC,81.25,81.88999938964844,80.72000122070312,81.47000122070312,1735800
2025-05-12,GBTC,82.13999938964844,82.5199966430664,79.44999694824219,80.33000183105469,2806500
2025-05-13,GBTC,81.88999938964844,82.88999938964844,81.16000366210938,82.7300033569336,2287900
2025-05-14,GBTC,82.1050033569336,82.3499984741211,80.94000244140625,81.5199966430664,1337200
2025-05-15,GBTC,80.94000244140625,82.20999908447266,79.94999694824219,81.37999725341797,1944800
2025-05-16,GBTC,81.69499969482422,82.54000091552734,81.55000305175781,82.12999725341797,1679900
2025-05-19,GBTC,80.8499984741211,83.31800079345703,80.79000091552734,83.23999786376953,1759500
2025-05-20,GBTC,82.51000213623047,84.66999816894531,82.1500015258789,84.48999786376953,1809700
2025-05-21,GBTC,84.01000213623047,86.69999694824219,83.70999908447266,85.7300033569336,4715700
2025-05-22,GBTC,87.83000183105469,88.3550033569336,87.16999816894531,87.72000122070312,2896100
2025-05-23,GBTC,85.79000091552734,86.83000183105469,85.25,85.76000213623047,2774300
2025-05-27,GBTC,87.13999938964844,87.37000274658203,85.75,86.66999816894531,1924900
2025-05-28,GBTC,85.75,86.0199966430664,84.29000091552734,84.30999755859375,2098200
2025-05-29,GBTC,85.37999725341797,85.41999816894531,83.18000030517578,83.26000213623047,3248900
2025-05-30,GBTC,83.3499984741211,83.58999633789062,81.70099639892578,82.47000122070312,1772200
2025-06-02,GBTC,81.94999694824219,82.58999633789062,81.69999694824219,82.3499984741211,1327600
2025-06-03,GBTC,83.16000366210938,84.27999877929688,82.81999969482422,83.80000305175781,1431900
2025-06-04,GBTC,82.79000091552734,83.25,82.0999984741211,82.72000122070312,1210600
2025-06-05,GBTC,83.38999938964844,83.44000244140625,80.08000183105469,80.25,2799600
2025-06-06,GBTC,81.95999908447266,83.1500015258789,81.94999694824219,82.2300033569336,1380200
2025-06-09,GBTC,84.80999755859375,85.7699966430664,84.27999877929688,85.66999816894531,1764200
2025-06-10,GBTC,86.5,87.03800201416016,85.4000015258789,86.3499984741211,2259700
2025-06-11,GBTC,86.55999755859375,87.06999969482422,85.46499633789062,85.7699966430664,1858800
2025-06-12,GBTC,84.16000366210938,85.48999786376953,83.95999908447266,84.19000244140625,1839600
2025-06-13,GBTC,82.66999816894531,83.62000274658203,82.08000183105469,82.83000183105469,1900100
2025-06-16,GBTC,84.0199966430664,85.8499984741211,83.9000015258789,85.6500015258789,1658300
2025-06-17,GBTC,83.2300033569336,83.33000183105469,81.41999816894531,82.5,2342700
2025-06-18,GBTC,81.93000030517578,83.0199966430664,81.56999969482422,81.76000213623047,1722300
2025-06-20,GBTC,83.56999969482422,83.63999938964844,80.62999725341797,81.33000183105469,1789300
2025-06-23,GBTC,79.69999694824219,81.44000244140625,78.51000213623047,81.30000305175781,2117500
2025-06-24,GBTC,82.83999633789062,83.80000305175781,82.55999755859375,83.23999786376953,1570800
2025-06-25,GBTC,84.97000122070312,85.2699966430664,84.16999816894531,84.88999938964844,1814500
2025-06-26,GBTC,84.41000366210938,84.87999725341797,83.9800033569336,84.75,1031900
2025-06-27,GBTC,84.08000183105469,84.88999938964844,83.83000183105469,84.16000366210938,1520000
2025-06-30,GBTC,84.95999908447266,84.97000122070312,84.0199966430664,84.83000183105469,1518200
2025-07-01,GBTC,83.95999908447266,84.4000015258789,82.93000030517578,82.95999908447266,2216000
2025-07-02,GBTC,84.68000030517578,86.5199966430664,84.55000305175781,86.43000030517578,3173000
2025-07-03,GBTC,86.12999725341797,87.13999938964844,85.9000015258789,86.06999969482422,1438500
2025-07-07,GBTC,85.4000015258789,85.56999969482422,84.58000183105469,85.04000091552734,1759200
2025-07-08,GBTC,85.76000213623047,86.0,85.04000091552734,85.63999938964844,1315600
2025-07-09,GBTC,86.30000305175781,88.27999877929688,85.37999725341797,88.08000183105469,2324600
2025-07-10,GBTC,87.43000030517578,89.68000030517578,86.97000122070312,89.30000305175781,2413900
2025-07-11,GBTC,92.62999725341797,93.11000061035156,91.83999633789062,93.04000091552734,5165800
2025-07-14,GBTC,95.81999969482422,96.16000366210938,93.80999755859375,94.37999725341797,3905900
2025-07-15,GBTC,92.68000030517578,93.30999755859375,91.11000061035156,91.62999725341797,2640700
2025-07-16,GBTC,93.51000213623047,94.44999694824219,92.9800033569336,93.9000015258789,2636800
2025-07-17,GBTC,92.80000305175781,94.42500305175781,92.51000213623047,93.66000366210938,1402400
2025-07-18,GBTC,93.5199966430664,93.91999816894531,92.16999816894531,92.36000061035156,3047500
2025-07-21,GBTC,93.06999969482422,93.87000274658203,91.73999786376953,91.83999633789062,2139500
2025-07-22,GBTC,93.83999633789062,94.68000030517578,92.52999877929688,93.9000015258789,2144400
2025-07-23,GBTC,92.91999816894531,93.44999694824219,92.30999755859375,93.16000366210938,2156500
2025-07-24,GBTC,93.38999938964844,94.08000183105469,92.70999908447266,93.68000030517578,1965400
2025-07-25,GBTC,91.47000122070312,92.12000274658203,90.4800033569336,91.87000274658203,1933400
2025-07-28,GBTC,93.31999969482422,93.7699966430664,92.3499984741211,92.87999725341797,1274200
2025-07-29,GBTC,93.5999984741211,93.6500015258789,91.91999816894531,92.37999725341797,2065600
2025-07-30,GBTC,92.47000122070312,93.45999908447266,90.98999786376953,91.87999725341797,2006600
2025-07-31,GBTC,92.9000015258789,93.5199966430664,91.75,91.77999877929688,1867000
2025-08-01,GBTC,90.88999938964844,91.01000213623047,88.83000183105469,88.88999938964844,3928700
2025-08-04,GBTC,89.73999786376953,91.01000213623047,89.66000366210938,90.2300033569336,1129700
2025-08-05,GBTC,89.7699966430664,90.11000061035156,88.5199966430664,89.37999725341797,1800100
2025-08-06,GBTC,89.58000183105469,91.05000305175781,89.30000305175781,90.68000030517578,1442000
2025-08-07,GBTC,91.55000305175781,92.5250015258789,90.97000122070312,92.44000244140625,2173000
2025-08-08,GBTC,91.83000183105469,92.30999755859375,91.08999633789062,91.58000183105469,1634600
2025-08-11,GBTC,93.9800033569336,94.98999786376953,93.23999786376953,93.58999633789062,1514500
2025-08-12,GBTC,93.69000244140625,94.51000213623047,93.23500061035156,94.05999755859375,1813100
2025-08-13,GBTC,94.81999969482422,96.62000274658203,94.43499755859375,96.5999984741211,2671600
2025-08-14,GBTC,92.93000030517578,93.87999725341797,92.12000274658203,92.75,3408000
2025-08-15,GBTC,93.16000366210938,93.20999908447266,91.81900024414062,91.9000015258789,1233300
2025-08-18,GBTC,90.91999816894531,91.80000305175781,90.2300033569336,91.38999938964844,1140400
2025-08-19,GBTC,90.94000244140625,91.0199966430664,88.47000122070312,88.83000183105469,3268200
2025-08-20,GBTC,89.05999755859375,89.93000030517578,88.2300033569336,89.79000091552734,1855900
2025-08-21,GBTC,89.01000213623047,89.56999969482422,87.94000244140625,88.0999984741211,1339400
2025-08-22,GBTC,88.2300033569336,92.31500244140625,87.94000244140625,91.7300033569336,2633000
2025-08-25,GBTC,87.7300033569336,88.7699966430664,86.80999755859375,87.0199966430664,2290100
2025-08-26,GBTC,86.30000305175781,87.36000061035156,85.94000244140625,87.30999755859375,1801800
2025-08-27,GBTC,87.47000122070312,88.5199966430664,87.21700286865234,88.06999969482422,1619800
2025-08-28,GBTC,88.80999755859375,89.02999877929688,87.91000366210938,87.94999694824219,1311500
2025-08-29,GBTC,86.8499984741211,86.86000061035156,84.77999877929688,84.98999786376953,2529100
2025-09-02,GBTC,85.91000366210938,87.81999969482422,85.6449966430664,87.0199966430664,2594800
2025-09-03,GBTC,87.48999786376953,88.44999694824219,87.27999877929688,88.16000366210938,1324500
2025-09-04,GBTC,87.05000305175781,87.07499694824219,85.83999633789062,86.2300033569336,1610600
2025-09-05,GBTC,88.69000244140625,88.98999786376953,86.51000213623047,87.66000366210938,2228700
2025-09-08,GBTC,88.0999984741211,88.71499633789062,87.84500122070312,88.04000091552734,1239200
2025-09-09,GBTC,88.63999938964844,88.72000122070312,86.93000030517578,87.41999816894531,1994200
2025-09-10,GBTC,89.27999877929688,89.87999725341797,88.8499984741211,89.22000122070312,1766700
2025-09-11,GBTC,89.29000091552734,90.0999984741211,89.25,89.91999816894531,1563100
2025-09-12,GBTC,90.27999877929688,91.79000091552734,90.15499877929688,91.75,2085400
2025-09-15,GBTC,90.30999755859375,90.70999908447266,89.75,90.48999786376953,2327000
2025-09-16,GBTC,90.6500015258789,91.81999969482422,90.02999877929688,91.7300033569336,1989500
2025-09-17,GBTC,91.23999786376953,91.33999633789062,89.98999786376953,90.79000091552734,4222800
2025-09-18,GBTC,92.20999908447266,92.62000274658203,91.87000274658203,92.23999786376953,2373100
2025-09-19,GBTC,91.23999786376953,91.48500061035156,90.30999755859375,90.33999633789062,1692900
2025-09-22,GBTC,88.66999816894531,89.06999969482422,87.87000274658203,87.9800033569336,1782000
2025-09-23,GBTC,88.62999725341797,88.95500183105469,87.51499938964844,87.58000183105469,1738200
2025-09-24,GBTC,88.69999694824219,89.47000122070312,88.52999877929688,89.01000213623047,1451400
2025-09-25,GBTC,87.5999984741211,87.66000366210938,85.16999816894531,85.76000213623047,3497200
2025-09-26,GBTC,85.72000122070312,86.56999969482422,85.27999877929688,85.6500015258789,2374700
2025-09-29,GBTC,88.06999969482422,89.83000183105469,87.97000122070312,89.7300033569336,3250300
2025-09-30,GBTC,88.95999908447266,89.93499755859375,88.53500366210938,89.7699966430664,2017700
2025-10-01,GBTC,91.56999969482422,92.83999633789062,91.375,92.19999694824219,3054300
2025-10-02,GBTC,93.61000061035156,95.05500030517578,93.04499816894531,94.93000030517578,3792700
2025-10-03,GBTC,94.70999908447266,97.33999633789062,94.18000030517578,96.36000061035156,4922100
2025-10-06,GBTC,98.0,99.12000274658203,97.61000061035156,98.43000030517578,4401800
2025-10-07,GBTC,97.95999908447266,97.99800109863281,94.62000274658203,95.37000274658203,5976700
2025-10-08,GBTC,96.04000091552734,97.43000030517578,95.42500305175781,96.77999877929688,4753000
2025-10-09,GBTC,96.83000183105469,96.83000183105469,93.8499984741211,94.9000015258789,5176300
2025-10-10,GBTC,95.69999694824219,96.16500091552734,90.87000274658203,91.41999816894531,8852200
2025-10-13,GBTC,89.72000122070312,90.95999908447266,89.25,90.86000061035156,5641100
2025-10-14,GBTC,86.83999633789062,89.05999755859375,86.13500213623047,88.29000091552734,8191700
2025-10-15,GBTC,87.43000030517578,88.03500366210938,86.30999755859375,87.2300033569336,4946000
2025-10-16,GBTC,87.1500015258789,87.4000015258789,84.27999877929688,84.80000305175781,8618100
2025-10-17,GBTC,82.7300033569336,84.2699966430664,81.91999816894531,83.45999908447266,6703100
2025-10-20,GBTC,86.83999633789062,87.55999755859375,86.08999633789062,86.88999938964844,5307000
2025-10-21,GBTC,85.2300033569336,89.4000015258789,84.7699966430664,87.63999938964844,7522100
2025-10-22,GBTC,84.79000091552734,85.54000091552734,84.16999816894531,84.5,8605800
2025-10-23,GBTC,85.5,87.27999877929688,85.19499969482422,86.41999816894531,3895700
2025-10-24,GBTC,87.22000122070312,87.30999755859375,85.9800033569336,86.69000244140625,2892700
2025-10-27,GBTC,90.2300033569336,90.75,89.70999908447266,90.08999633789062,2636800
2025-10-28,GBTC,90.1500015258789,91.01000213623047,88.91000366210938,89.0199966430664,3415500
2025-10-29,GBTC,88.95999908447266,89.05000305175781,85.61000061035156,86.66000366210938,8558100
2025-10-30,GBTC,84.97000122070312,85.01000213623047,83.2300033569336,83.33999633789062,4942200
2025-10-31,GBTC,86.09500122070312,87.01000213623047,85.06999969482422,86.0199966430664,4277600
2025-11-03,GBTC,84.22000122070312,84.69000244140625,82.48999786376953,83.5,5057700
2025-11-04,GBTC,81.27999877929688,82.08999633789062,77.94000244140625,78.87000274658203,9507900
2025-11-05,GBTC,80.38999938964844,81.93000030517578,79.98999786376953,81.3499984741211,3080500
2025-11-06,GBTC,80.58000183105469,80.58999633789062,78.54000091552734,78.9800033569336,5665000
2025-11-07,GBTC,78.45999908447266,81.3550033569336,77.8499984741211,81.30000305175781,3736100
2025-11-10,GBTC,83.16000366210938,83.25,81.97000122070312,83.05000305175781,3107100
2025-11-11,GBTC,81.8499984741211,81.96499633789062,80.36000061035156,80.47000122070312,3084300
2025-11-12,GBTC,82.04000091552734,82.13999938964844,78.91999816894531,79.48999786376953,3826700
2025-11-13,GBTC,80.16999816894531,80.9800033569336,76.58000183105469,76.68000030517578,8256700
2025-11-14,GBTC,74.61000061035156,76.25,73.66000366210938,73.77999877929688,5533400
